CountryName,Level,TraderName,Difficulty,ItemName,ItemCount
Alexandria,Lv.7,Ptolemaios Theophrastus,high,Jewels,10
Alexandria,Lv.7,Ptolemaios Theophrastus,high,Instruments,25
Alexandria,Lv.7,Ptolemaios Theophrastus,high,Metalcraft,100
Alexandria,Lv.7,Ptolemaios Theophrastus,high,Wine,50
Alexandria,Lv.7,Ptolemaios Theophrastus,high,Spices,250
Alexandria,Lv.7,Ptolemaios Theophrastus,high,Jade,5
Alexandria,Lv.7,Ptolemaios Theophrastus,high,Glass,150
Alexandria,Lv.7,Ptolemaios Theophrastus,high,Perfume,200
Alexandria,Lv.6,Demetrios Antipater,high,Instruments,25
Alexandria,Lv.6,Demetrios Antipater,high,Metalcraft,100
Alexandria,Lv.6,Demetrios Antipater,high,Wine,50
Alexandria,Lv.6,Demetrios Antipater,high,Spices,250
Alexandria,Lv.6,Demetrios Antipater,high,Jade,5
Alexandria,Lv.6,Demetrios Antipater,high,Glass,150
Alexandria,Lv.6,Demetrios Antipater,high,Perfume,200
Alexandria,Lv.5,Cleomenes Heracleios,high,Metalcraft,100
Alexandria,Lv.5,Cleomenes Heracleios,high,Wine,50
Alexandria,Lv.5,Cleomenes Heracleios,high,Spices,250
Alexandria,Lv.5,Cleomenes Heracleios,high,Jade,5
Alexandria,Lv.5,Cleomenes Heracleios,high,Glass,150
Alexandria,Lv.5,Cleomenes Heracleios,high,Perfume,200
Alexandria,Lv.4,Aristophanes Euclides,high,Wine,50
Alexandria,Lv.4,Aristophanes Euclides,high,Spices,250
Alexandria,Lv.4,Aristophanes Euclides,high,Jade,5
Alexandria,Lv.4,Aristophanes Euclides,high,Glass,150
Alexandria,Lv.4,Aristophanes Euclides,high,Perfume,200
Alexandria,Lv.3,Heraklion Palmirianus,high,Spices,250
Alexandria,Lv.3,Heraklion Palmirianus,high,Jade,5
Alexandria,Lv.3,Heraklion Palmirianus,high,Glass,150
Alexandria,Lv.3,Heraklion Palmirianus,high,Perfume,200
Alexandria,Lv.2,Heraklion Demetrios,high,Jade,5
Alexandria,Lv.2,Heraklion Demetrios,high,Glass,150
Alexandria,Lv.2,Heraklion Demetrios,high,Perfume,200
Alexandria,Lv.7,Ptolemaios Theophrastus,mid,Jewels,15
Alexandria,Lv.7,Ptolemaios Theophrastus,mid,Instruments,37
Alexandria,Lv.7,Ptolemaios Theophrastus,mid,Metalcraft,150
Alexandria,Lv.7,Ptolemaios Theophrastus,mid,Wine,75
Alexandria,Lv.7,Ptolemaios Theophrastus,mid,Spices,375
Alexandria,Lv.7,Ptolemaios Theophrastus,mid,Jade,7
Alexandria,Lv.7,Ptolemaios Theophrastus,mid,Glass,225
Alexandria,Lv.7,Ptolemaios Theophrastus,mid,Perfume,300
Alexandria,Lv.6,Demetrios Antipater,mid,Instruments,37
Alexandria,Lv.6,Demetrios Antipater,mid,Metalcraft,150
Alexandria,Lv.6,Demetrios Antipater,mid,Wine,75
Alexandria,Lv.6,Demetrios Antipater,mid,Spices,375
Alexandria,Lv.6,Demetrios Antipater,mid,Jade,7
Alexandria,Lv.6,Demetrios Antipater,mid,Glass,225
Alexandria,Lv.6,Demetrios Antipater,mid,Perfume,300
Alexandria,Lv.5,Cleomenes Heracleios,mid,Metalcraft,150
Alexandria,Lv.5,Cleomenes Heracleios,mid,Wine,75
Alexandria,Lv.5,Cleomenes Heracleios,mid,Spices,375
Alexandria,Lv.5,Cleomenes Heracleios,mid,Jade,7
Alexandria,Lv.5,Cleomenes Heracleios,mid,Glass,225
Alexandria,Lv.5,Cleomenes Heracleios,mid,Perfume,300
Alexandria,Lv.4,Aristophanes Euclides,mid,Wine,75
Alexandria,Lv.4,Aristophanes Euclides,mid,Spices,375
Alexandria,Lv.4,Aristophanes Euclides,mid,Jade,7
Alexandria,Lv.4,Aristophanes Euclides,mid,Glass,225
Alexandria,Lv.4,Aristophanes Euclides,mid,Perfume,300
Alexandria,Lv.3,Heraklion Palmirianus,mid,Spices,375
Alexandria,Lv.3,Heraklion Palmirianus,mid,Jade,7
Alexandria,Lv.3,Heraklion Palmirianus,mid,Glass,225
Alexandria,Lv.3,Heraklion Palmirianus,mid,Perfume,300
Alexandria,Lv.2,Heraklion Demetrios,mid,Jade,7
Alexandria,Lv.2,Heraklion Demetrios,mid,Glass,225
Alexandria,Lv.2,Heraklion Demetrios,mid,Perfume,300
Alexandria,Lv.7,Ptolemaios Theophrastus,low,Jewels,20
Alexandria,Lv.7,Ptolemaios Theophrastus,low,Instruments,50
Alexandria,Lv.7,Ptolemaios Theophrastus,low,Metalcraft,200
Alexandria,Lv.7,Ptolemaios Theophrastus,low,Wine,100
Alexandria,Lv.7,Ptolemaios Theophrastus,low,Spices,500
Alexandria,Lv.7,Ptolemaios Theophrastus,low,Jade,10
Alexandria,Lv.7,Ptolemaios Theophrastus,low,Glass,300
Alexandria,Lv.7,Ptolemaios Theophrastus,low,Perfume,400
Alexandria,Lv.6,Demetrios Antipater,low,Instruments,50
Alexandria,Lv.6,Demetrios Antipater,low,Metalcraft,200
Alexandria,Lv.6,Demetrios Antipater,low,Wine,100
Alexandria,Lv.6,Demetrios Antipater,low,Spices,500
Alexandria,Lv.6,Demetrios Antipater,low,Jade,10
Alexandria,Lv.6,Demetrios Antipater,low,Glass,300
Alexandria,Lv.6,Demetrios Antipater,low,Perfume,400
Alexandria,Lv.5,Cleomenes Heracleios,low,Metalcraft,200
Alexandria,Lv.5,Cleomenes Heracleios,low,Wine,100
Alexandria,Lv.5,Cleomenes Heracleios,low,Spices,500
Alexandria,Lv.5,Cleomenes Heracleios,low,Jade,10
Alexandria,Lv.5,Cleomenes Heracleios,low,Glass,300
Alexandria,Lv.5,Cleomenes Heracleios,low,Perfume,400
Alexandria,Lv.4,Aristophanes Euclides,low,Wine,100
Alexandria,Lv.4,Aristophanes Euclides,low,Spices,500
Alexandria,Lv.4,Aristophanes Euclides,low,Jade,10
Alexandria,Lv.4,Aristophanes Euclides,low,Glass,300
Alexandria,Lv.4,Aristophanes Euclides,low,Perfume,400
Alexandria,Lv.3,Heraklion Palmirianus,low,Spices,500
Alexandria,Lv.3,Heraklion Palmirianus,low,Jade,10
Alexandria,Lv.3,Heraklion Palmirianus,low,Glass,300
Alexandria,Lv.3,Heraklion Palmirianus,low,Perfume,400
Alexandria,Lv.2,Heraklion Demetrios,low,Jade,10
Alexandria,Lv.2,Heraklion Demetrios,low,Glass,300
Alexandria,Lv.2,Heraklion Demetrios,low,Perfume,400
Antioch,Lv.7,Constantinus Palmirianus,high,Relics,5
Antioch,Lv.7,Constantinus Palmirianus,high,Jewels,15
Antioch,Lv.7,Constantinus Palmirianus,high,Weapons,150
Antioch,Lv.7,Constantinus Palmirianus,high,Metals,125
Antioch,Lv.7,Constantinus Palmirianus,high,Wine,100
Antioch,Lv.7,Constantinus Palmirianus,high,Glass,150
Antioch,Lv.7,Constantinus Palmirianus,high,Jade,4
Antioch,Lv.7,Constantinus Palmirianus,high,Tea,25
Antioch,Lv.7,Constantinus Palmirianus,high,Ceramics,75
Antioch,Lv.7,Constantinus Palmirianus,high,Perfume,50
Antioch,Lv.6,Theodorus Antiochius,high,Jewels,15
Antioch,Lv.6,Theodorus Antiochius,high,Weapons,150
Antioch,Lv.6,Theodorus Antiochius,high,Metals,125
Antioch,Lv.6,Theodorus Antiochius,high,Wine,100
Antioch,Lv.6,Theodorus Antiochius,high,Glass,150
Antioch,Lv.6,Theodorus Antiochius,high,Jade,4
Antioch,Lv.6,Theodorus Antiochius,high,Tea,25
Antioch,Lv.6,Theodorus Antiochius,high,Ceramics,75
Antioch,Lv.6,Theodorus Antiochius,high,Perfume,50
Antioch,Lv.5,Ioannes Constantinus,high,Weapons,150
Antioch,Lv.5,Ioannes Constantinus,high,Metals,125
Antioch,Lv.5,Ioannes Constantinus,high,Wine,100
Antioch,Lv.5,Ioannes Constantinus,high,Glass,150
Antioch,Lv.5,Ioannes Constantinus,high,Jade,4
Antioch,Lv.5,Ioannes Constantinus,high,Tea,25
Antioch,Lv.5,Ioannes Constantinus,high,Ceramics,75
Antioch,Lv.5,Ioannes Constantinus,high,Perfume,50
Antioch,Lv.4,Heraclius Antipater,high,Metals,125
Antioch,Lv.4,Heraclius Antipater,high,Wine,100
Antioch,Lv.4,Heraclius Antipater,high,Glass,150
Antioch,Lv.4,Heraclius Antipater,high,Jade,4
Antioch,Lv.4,Heraclius Antipater,high,Tea,25
Antioch,Lv.4,Heraclius Antipater,high,Ceramics,75
Antioch,Lv.4,Heraclius Antipater,high,Perfume,50
Antioch,Lv.3,Anastasius Nicopolitanus,high,Wine,100
Antioch,Lv.3,Anastasius Nicopolitanus,high,Glass,150
Antioch,Lv.3,Anastasius Nicopolitanus,high,Jade,4
Antioch,Lv.3,Anastasius Nicopolitanus,high,Tea,25
Antioch,Lv.3,Anastasius Nicopolitanus,high,Ceramics,75
Antioch,Lv.3,Anastasius Nicopolitanus,high,Perfume,50
Antioch,Lv.2,Aristarchus Euclides,high,Glass,150
Antioch,Lv.2,Aristarchus Euclides,high,Jade,4
Antioch,Lv.2,Aristarchus Euclides,high,Tea,25
Antioch,Lv.2,Aristarchus Euclides,high,Ceramics,75
Antioch,Lv.2,Aristarchus Euclides,high,Perfume,50
Antioch,Lv.7,Constantinus Palmirianus,mid,Relics,7
Antioch,Lv.7,Constantinus Palmirianus,mid,Jewels,22
Antioch,Lv.7,Constantinus Palmirianus,mid,Weapons,225
Antioch,Lv.7,Constantinus Palmirianus,mid,Metals,187
Antioch,Lv.7,Constantinus Palmirianus,mid,Wine,150
Antioch,Lv.7,Constantinus Palmirianus,mid,Glass,225
Antioch,Lv.7,Constantinus Palmirianus,mid,Jade,6
Antioch,Lv.7,Constantinus Palmirianus,mid,Tea,36
Antioch,Lv.7,Constantinus Palmirianus,mid,Ceramics,122
Antioch,Lv.7,Constantinus Palmirianus,mid,Perfume,75
Antioch,Lv.6,Theodorus Antiochius,mid,Jewels,22
Antioch,Lv.6,Theodorus Antiochius,mid,Weapons,225
Antioch,Lv.6,Theodorus Antiochius,mid,Metals,187
Antioch,Lv.6,Theodorus Antiochius,mid,Wine,150
Antioch,Lv.6,Theodorus Antiochius,mid,Glass,225
Antioch,Lv.6,Theodorus Antiochius,mid,Jade,6
Antioch,Lv.6,Theodorus Antiochius,mid,Tea,36
Antioch,Lv.6,Theodorus Antiochius,mid,Ceramics,122
Antioch,Lv.6,Theodorus Antiochius,mid,Perfume,75
Antioch,Lv.5,Ioannes Constantinus,mid,Weapons,225
Antioch,Lv.5,Ioannes Constantinus,mid,Metals,187
Antioch,Lv.5,Ioannes Constantinus,mid,Wine,150
Antioch,Lv.5,Ioannes Constantinus,mid,Glass,225
Antioch,Lv.5,Ioannes Constantinus,mid,Jade,6
Antioch,Lv.5,Ioannes Constantinus,mid,Tea,36
Antioch,Lv.5,Ioannes Constantinus,mid,Ceramics,122
Antioch,Lv.5,Ioannes Constantinus,mid,Perfume,75
Antioch,Lv.4,Heraclius Antipater,mid,Metals,187
Antioch,Lv.4,Heraclius Antipater,mid,Wine,150
Antioch,Lv.4,Heraclius Antipater,mid,Glass,225
Antioch,Lv.4,Heraclius Antipater,mid,Jade,6
Antioch,Lv.4,Heraclius Antipater,mid,Tea,36
Antioch,Lv.4,Heraclius Antipater,mid,Ceramics,122
Antioch,Lv.4,Heraclius Antipater,mid,Perfume,75
Antioch,Lv.3,Anastasius Nicopolitanus,mid,Wine,150
Antioch,Lv.3,Anastasius Nicopolitanus,mid,Glass,225
Antioch,Lv.3,Anastasius Nicopolitanus,mid,Jade,6
Antioch,Lv.3,Anastasius Nicopolitanus,mid,Tea,36
Antioch,Lv.3,Anastasius Nicopolitanus,mid,Ceramics,122
Antioch,Lv.3,Anastasius Nicopolitanus,mid,Perfume,75
Antioch,Lv.2,Aristarchus Euclides,mid,Glass,225
Antioch,Lv.2,Aristarchus Euclides,mid,Jade,6
Antioch,Lv.2,Aristarchus Euclides,mid,Tea,36
Antioch,Lv.2,Aristarchus Euclides,mid,Ceramics,122
Antioch,Lv.2,Aristarchus Euclides,mid,Perfume,75
Antioch,Lv.7,Constantinus Palmirianus,low,Relics,10
Antioch,Lv.7,Constantinus Palmirianus,low,Jewels,30
Antioch,Lv.7,Constantinus Palmirianus,low,Weapons,300
Antioch,Lv.7,Constantinus Palmirianus,low,Metals,250
Antioch,Lv.7,Constantinus Palmirianus,low,Wine,200
Antioch,Lv.7,Constantinus Palmirianus,low,Glass,300
Antioch,Lv.7,Constantinus Palmirianus,low,Jade,8
Antioch,Lv.7,Constantinus Palmirianus,low,Tea,50
Antioch,Lv.7,Constantinus Palmirianus,low,Ceramics,150
Antioch,Lv.7,Constantinus Palmirianus,low,Perfume,100
Antioch,Lv.6,Theodorus Antiochius,low,Jewels,30
Antioch,Lv.6,Theodorus Antiochius,low,Weapons,300
Antioch,Lv.6,Theodorus Antiochius,low,Metals,250
Antioch,Lv.6,Theodorus Antiochius,low,Wine,200
Antioch,Lv.6,Theodorus Antiochius,low,Glass,300
Antioch,Lv.6,Theodorus Antiochius,low,Jade,8
Antioch,Lv.6,Theodorus Antiochius,low,Tea,50
Antioch,Lv.6,Theodorus Antiochius,low,Ceramics,150
Antioch,Lv.6,Theodorus Antiochius,low,Perfume,100
Antioch,Lv.5,Ioannes Constantinus,low,Weapons,300
Antioch,Lv.5,Ioannes Constantinus,low,Metals,250
Antioch,Lv.5,Ioannes Constantinus,low,Wine,200
Antioch,Lv.5,Ioannes Constantinus,low,Glass,300
Antioch,Lv.5,Ioannes Constantinus,low,Jade,8
Antioch,Lv.5,Ioannes Constantinus,low,Tea,50
Antioch,Lv.5,Ioannes Constantinus,low,Ceramics,150
Antioch,Lv.5,Ioannes Constantinus,low,Perfume,100
Antioch,Lv.4,Heraclius Antipater,low,Metals,250
Antioch,Lv.4,Heraclius Antipater,low,Wine,200
Antioch,Lv.4,Heraclius Antipater,low,Glass,300
Antioch,Lv.4,Heraclius Antipater,low,Jade,8
Antioch,Lv.4,Heraclius Antipater,low,Tea,50
Antioch,Lv.4,Heraclius Antipater,low,Ceramics,150
Antioch,Lv.4,Heraclius Antipater,low,Perfume,100
Antioch,Lv.3,Anastasius Nicopolitanus,low,Wine,200
Antioch,Lv.3,Anastasius Nicopolitanus,low,Glass,300
Antioch,Lv.3,Anastasius Nicopolitanus,low,Jade,8
Antioch,Lv.3,Anastasius Nicopolitanus,low,Tea,50
Antioch,Lv.3,Anastasius Nicopolitanus,low,Ceramics,150
Antioch,Lv.3,Anastasius Nicopolitanus,low,Perfume,100
Antioch,Lv.2,Aristarchus Euclides,low,Glass,300
Antioch,Lv.2,Aristarchus Euclides,low,Jade,8
Antioch,Lv.2,Aristarchus Euclides,low,Tea,50
Antioch,Lv.2,Aristarchus Euclides,low,Ceramics,150
Antioch,Lv.2,Aristarchus Euclides,low,Perfume,100
Baghdad,Lv.7,Muhammad ibn Hassan,high,Herbs,20
Baghdad,Lv.7,Muhammad ibn Hassan,high,Silk,45
Baghdad,Lv.7,Muhammad ibn Hassan,high,Metalcraft,100
Baghdad,Lv.7,Muhammad ibn Hassan,high,Weapons,90
Baghdad,Lv.7,Muhammad ibn Hassan,high,Books,25
Baghdad,Lv.7,Muhammad ibn Hassan,high,Spices,350
Baghdad,Lv.7,Muhammad ibn Hassan,high,Jade,10
Baghdad,Lv.7,Muhammad ibn Hassan,high,Tea,40
Baghdad,Lv.7,Muhammad ibn Hassan,high,Paper,500
Baghdad,Lv.7,Muhammad ibn Hassan,high,Instruments,600
Baghdad,Lv.6,Abdullah ibn Muhammad,high,Silk,45
Baghdad,Lv.6,Abdullah ibn Muhammad,high,Metalcraft,100
Baghdad,Lv.6,Abdullah ibn Muhammad,high,Weapons,90
Baghdad,Lv.6,Abdullah ibn Muhammad,high,Books,25
Baghdad,Lv.6,Abdullah ibn Muhammad,high,Spices,350
Baghdad,Lv.6,Abdullah ibn Muhammad,high,Jade,10
Baghdad,Lv.6,Abdullah ibn Muhammad,high,Tea,40
Baghdad,Lv.6,Abdullah ibn Muhammad,high,Paper,500
Baghdad,Lv.6,Hassan ibn Hussein,high,Instruments,600
Baghdad,Lv.5,Hassan ibn Hussein,high,Metalcraft,100
Baghdad,Lv.5,Hassan ibn Hussein,high,Weapons,90
Baghdad,Lv.5,Hassan ibn Hussein,high,Books,25
Baghdad,Lv.5,Hassan ibn Hussein,high,Spices,350
Baghdad,Lv.5,Hassan ibn Hussein,high,Jade,10
Baghdad,Lv.5,Hassan ibn Hussein,high,Tea,40
Baghdad,Lv.5,Hassan ibn Hussein,high,Paper,500
Baghdad,Lv.5,Hassan ibn Hussein,high,Instruments,600
Baghdad,Lv.4,Hussein ibn Ali,high,Weapons,90
Baghdad,Lv.4,Hussein ibn Ali,high,Books,25
Baghdad,Lv.4,Hussein ibn Ali,high,Spices,350
Baghdad,Lv.4,Hussein ibn Ali,high,Jade,10
Baghdad,Lv.4,Hussein ibn Ali,high,Tea,40
Baghdad,Lv.4,Hussein ibn Ali,high,Paper,500
Baghdad,Lv.4,Hussein ibn Ali,high,Instruments,600
Baghdad,Lv.3,Ali ibn Omar,high,Books,25
Baghdad,Lv.3,Ali ibn Omar,high,Spices,350
Baghdad,Lv.3,Ali ibn Omar,high,Jade,10
Baghdad,Lv.3,Ali ibn Omar,high,Tea,40
Baghdad,Lv.3,Ali ibn Omar,high,Paper,500
Baghdad,Lv.3,Ali ibn Omar,high,Instruments,600
Baghdad,Lv.2,Omar ibn Yahya,high,Spices,350
Baghdad,Lv.2,Omar ibn Yahya,high,Jade,10
Baghdad,Lv.2,Omar ibn Yahya,high,Tea,40
Baghdad,Lv.2,Omar ibn Yahya,high,Paper,500
Baghdad,Lv.2,Omar ibn Yahya,high,Instruments,600
Baghdad,Lv.7,Muhammad ibn Hassan,mid,Herbs,30
Baghdad,Lv.7,Muhammad ibn Hassan,mid,Silk,67
Baghdad,Lv.7,Muhammad ibn Hassan,mid,Metalcraft,150
Baghdad,Lv.7,Muhammad ibn Hassan,mid,Weapons,135
Baghdad,Lv.7,Muhammad ibn Hassan,mid,Books,37
Baghdad,Lv.7,Muhammad ibn Hassan,mid,Spices,525
Baghdad,Lv.7,Muhammad ibn Hassan,mid,Jade,15
Baghdad,Lv.7,Muhammad ibn Hassan,mid,Tea,60
Baghdad,Lv.7,Muhammad ibn Hassan,mid,Paper,750
Baghdad,Lv.7,Muhammad ibn Hassan,mid,Instruments,900
Baghdad,Lv.6,Abdullah ibn Muhammad,mid,Silk,67
Baghdad,Lv.6,Abdullah ibn Muhammad,mid,Metalcraft,150
Baghdad,Lv.6,Abdullah ibn Muhammad,mid,Weapons,135
Baghdad,Lv.6,Abdullah ibn Muhammad,mid,Books,37
Baghdad,Lv.6,Abdullah ibn Muhammad,mid,Spices,525
Baghdad,Lv.6,Abdullah ibn Muhammad,mid,Jade,15
Baghdad,Lv.6,Abdullah ibn Muhammad,mid,Tea,60
Baghdad,Lv.6,Abdullah ibn Muhammad,mid,Paper,750
Baghdad,Lv.6,Hassan ibn Hussein,mid,Instruments,900
Baghdad,Lv.5,Hassan ibn Hussein,mid,Metalcraft,150
Baghdad,Lv.5,Hassan ibn Hussein,mid,Weapons,135
Baghdad,Lv.5,Hassan ibn Hussein,mid,Books,37
Baghdad,Lv.5,Hassan ibn Hussein,mid,Spices,525
Baghdad,Lv.5,Hassan ibn Hussein,mid,Jade,15
Baghdad,Lv.5,Hassan ibn Hussein,mid,Tea,60
Baghdad,Lv.5,Hassan ibn Hussein,mid,Paper,750
Baghdad,Lv.5,Hassan ibn Hussein,mid,Instruments,900
Baghdad,Lv.4,Hussein ibn Ali,mid,Weapons,135
Baghdad,Lv.4,Hussein ibn Ali,mid,Books,37
Baghdad,Lv.4,Hussein ibn Ali,mid,Spices,525
Baghdad,Lv.4,Hussein ibn Ali,mid,Jade,15
Baghdad,Lv.4,Hussein ibn Ali,mid,Tea,60
Baghdad,Lv.4,Hussein ibn Ali,mid,Paper,750
Baghdad,Lv.4,Hussein ibn Ali,mid,Instruments,900
Baghdad,Lv.3,Ali ibn Omar,mid,Books,37
Baghdad,Lv.3,Ali ibn Omar,mid,Spices,525
Baghdad,Lv.3,Ali ibn Omar,mid,Jade,15
Baghdad,Lv.3,Ali ibn Omar,mid,Tea,60
Baghdad,Lv.3,Ali ibn Omar,mid,Paper,750
Baghdad,Lv.3,Ali ibn Omar,mid,Instruments,900
Baghdad,Lv.2,Omar ibn Yahya,mid,Spices,525
Baghdad,Lv.2,Omar ibn Yahya,mid,Jade,15
Baghdad,Lv.2,Omar ibn Yahya,mid,Tea,60
Baghdad,Lv.2,Omar ibn Yahya,mid,Paper,750
Baghdad,Lv.2,Omar ibn Yahya,mid,Instruments,900
Baghdad,Lv.7,Muhammad ibn Hassan,low,Herbs,40
Baghdad,Lv.7,Muhammad ibn Hassan,low,Silk,90
Baghdad,Lv.7,Muhammad ibn Hassan,low,Metalcraft,200
Baghdad,Lv.7,Muhammad ibn Hassan,low,Weapons,180
Baghdad,Lv.7,Muhammad ibn Hassan,low,Books,50
Baghdad,Lv.7,Muhammad ibn Hassan,low,Spices,700
Baghdad,Lv.7,Muhammad ibn Hassan,low,Jade,20
Baghdad,Lv.7,Muhammad ibn Hassan,low,Tea,80
Baghdad,Lv.7,Muhammad ibn Hassan,low,Paper,1000
Baghdad,Lv.7,Muhammad ibn Hassan,low,Instruments,1200
Baghdad,Lv.6,Abdullah ibn Muhammad,low,Silk,90
Baghdad,Lv.6,Abdullah ibn Muhammad,low,Metalcraft,200
Baghdad,Lv.6,Abdullah ibn Muhammad,low,Weapons,180
Baghdad,Lv.6,Abdullah ibn Muhammad,low,Books,50
Baghdad,Lv.6,Abdullah ibn Muhammad,low,Spices,700
Baghdad,Lv.6,Abdullah ibn Muhammad,low,Jade,20
Baghdad,Lv.6,Abdullah ibn Muhammad,low,Tea,80
Baghdad,Lv.6,Abdullah ibn Muhammad,low,Paper,1000
Baghdad,Lv.6,Hassan ibn Hussein,low,Instruments,1200
Baghdad,Lv.5,Hassan ibn Hussein,low,Metalcraft,200
Baghdad,Lv.5,Hassan ibn Hussein,low,Weapons,180
Baghdad,Lv.5,Hassan ibn Hussein,low,Books,50
Baghdad,Lv.5,Hassan ibn Hussein,low,Spices,700
Baghdad,Lv.5,Hassan ibn Hussein,low,Jade,20
Baghdad,Lv.5,Hassan ibn Hussein,low,Tea,80
Baghdad,Lv.5,Hassan ibn Hussein,low,Paper,1000
Baghdad,Lv.5,Hassan ibn Hussein,low,Instruments,1200
Baghdad,Lv.4,Hussein ibn Ali,low,Weapons,180
Baghdad,Lv.4,Hussein ibn Ali,low,Books,50
Baghdad,Lv.4,Hussein ibn Ali,low,Spices,700
Baghdad,Lv.4,Hussein ibn Ali,low,Jade,20
Baghdad,Lv.4,Hussein ibn Ali,low,Tea,80
Baghdad,Lv.4,Hussein ibn Ali,low,Paper,1000
Baghdad,Lv.4,Hussein ibn Ali,low,Instruments,1200
Baghdad,Lv.3,Ali ibn Omar,low,Books,50
Baghdad,Lv.3,Ali ibn Omar,low,Spices,700
Baghdad,Lv.3,Ali ibn Omar,low,Jade,20
Baghdad,Lv.3,Ali ibn Omar,low,Tea,80
Baghdad,Lv.3,Ali ibn Omar,low,Paper,1000
Baghdad,Lv.3,Ali ibn Omar,low,Instruments,1200
Baghdad,Lv.2,Omar ibn Yahya,low,Spices,700
Baghdad,Lv.2,Omar ibn Yahya,low,Jade,20
Baghdad,Lv.2,Omar ibn Yahya,low,Tea,80
Baghdad,Lv.2,Omar ibn Yahya,low,Paper,1000
Baghdad,Lv.2,Omar ibn Yahya,low,Instruments,1200
Damascus,Lv.7,Mahmoud ibn Khalid,high,Jewels,15
Damascus,Lv.7,Mahmoud ibn Khalid,high,Silk,45
Damascus,Lv.7,Mahmoud ibn Khalid,high,Metalcraft,100
Damascus,Lv.7,Mahmoud ibn Khalid,high,Wine,50
Damascus,Lv.7,Mahmoud ibn Khalid,high,Ceramics,75
Damascus,Lv.7,Mahmoud ibn Khalid,high,Glass,150
Damascus,Lv.7,Mahmoud ibn Khalid,high,Perfume,200
Damascus,Lv.6,Karim ibn Salim,high,Silk,45
Damascus,Lv.6,Karim ibn Salim,high,Metalcraft,100
Damascus,Lv.6,Karim ibn Salim,high,Wine,50
Damascus,Lv.6,Karim ibn Salim,high,Ceramics,75
Damascus,Lv.6,Karim ibn Salim,high,Glass,150
Damascus,Lv.6,Karim ibn Salim,high,Perfume,200
Damascus,Lv.5,Salim ibn Yahya,high,Metalcraft,100
Damascus,Lv.5,Salim ibn Yahya,high,Wine,50
Damascus,Lv.5,Salim ibn Yahya,high,Ceramics,75
Damascus,Lv.5,Salim ibn Yahya,high,Glass,150
Damascus,Lv.5,Salim ibn Yahya,high,Perfume,200
Damascus,Lv.4,Yahya ibn Zakariya,high,Wine,50
Damascus,Lv.4,Yahya ibn Zakariya,high,Ceramics,75
Damascus,Lv.4,Yahya ibn Zakariya,high,Glass,150
Damascus,Lv.4,Yahya ibn Zakariya,high,Perfume,200
Damascus,Lv.3,Zakariya ibn Haysam,high,Ceramics,75
Damascus,Lv.3,Zakariya ibn Haysam,high,Glass,150
Damascus,Lv.3,Zakariya ibn Haysam,high,Perfume,200
Damascus,Lv.2,Haysam ibn Mahmoud,high,Glass,150
Damascus,Lv.2,Haysam ibn Mahmoud,high,Perfume,200
Damascus,Lv.7,Mahmoud ibn Khalid,mid,Jewels,22
Damascus,Lv.7,Mahmoud ibn Khalid,mid,Silk,67
Damascus,Lv.7,Mahmoud ibn Khalid,mid,Metalcraft,150
Damascus,Lv.7,Mahmoud ibn Khalid,mid,Wine,75
Damascus,Lv.7,Mahmoud ibn Khalid,mid,Ceramics,112
Damascus,Lv.7,Mahmoud ibn Khalid,mid,Glass,225
Damascus,Lv.7,Mahmoud ibn Khalid,mid,Perfume,300
Damascus,Lv.6,Karim ibn Salim,mid,Silk,67
Damascus,Lv.6,Karim ibn Salim,mid,Metalcraft,150
Damascus,Lv.6,Karim ibn Salim,mid,Wine,75
Damascus,Lv.6,Karim ibn Salim,mid,Ceramics,112
Damascus,Lv.6,Karim ibn Salim,mid,Glass,225
Damascus,Lv.6,Karim ibn Salim,mid,Perfume,300
Damascus,Lv.5,Salim ibn Yahya,mid,Metalcraft,150
Damascus,Lv.5,Salim ibn Yahya,mid,Wine,75
Damascus,Lv.5,Salim ibn Yahya,mid,Ceramics,112
Damascus,Lv.5,Salim ibn Yahya,mid,Glass,225
Damascus,Lv.5,Salim ibn Yahya,mid,Perfume,300
Damascus,Lv.4,Yahya ibn Zakariya,mid,Wine,75
Damascus,Lv.4,Yahya ibn Zakariya,mid,Ceramics,112
Damascus,Lv.4,Yahya ibn Zakariya,mid,Glass,225
Damascus,Lv.4,Yahya ibn Zakariya,mid,Perfume,300
Damascus,Lv.3,Zakariya ibn Haysam,mid,Ceramics,112
Damascus,Lv.3,Zakariya ibn Haysam,mid,Glass,225
Damascus,Lv.3,Zakariya ibn Haysam,mid,Perfume,300
Damascus,Lv.2,Haysam ibn Mahmoud,mid,Glass,225
Damascus,Lv.2,Haysam ibn Mahmoud,mid,Perfume,300
Damascus,Lv.7,Mahmoud ibn Khalid,low,Jewels,30
Damascus,Lv.7,Mahmoud ibn Khalid,low,Silk,90
Damascus,Lv.7,Mahmoud ibn Khalid,low,Metalcraft,200
Damascus,Lv.7,Mahmoud ibn Khalid,low,Wine,100
Damascus,Lv.7,Mahmoud ibn Khalid,low,Ceramics,150
Damascus,Lv.7,Mahmoud ibn Khalid,low,Glass,300
Damascus,Lv.7,Mahmoud ibn Khalid,low,Perfume,400
Damascus,Lv.6,Karim ibn Salim,low,Silk,90
Damascus,Lv.6,Karim ibn Salim,low,Metalcraft,200
Damascus,Lv.6,Karim ibn Salim,low,Wine,100
Damascus,Lv.6,Karim ibn Salim,low,Ceramics,150
Damascus,Lv.6,Karim ibn Salim,low,Glass,300
Damascus,Lv.6,Karim ibn Salim,low,Perfume,400
Damascus,Lv.5,Salim ibn Yahya,low,Metalcraft,200
Damascus,Lv.5,Salim ibn Yahya,low,Wine,100
Damascus,Lv.5,Salim ibn Yahya,low,Ceramics,150
Damascus,Lv.5,Salim ibn Yahya,low,Glass,300
Damascus,Lv.5,Salim ibn Yahya,low,Perfume,400
Damascus,Lv.4,Yahya ibn Zakariya,low,Wine,100
Damascus,Lv.4,Yahya ibn Zakariya,low,Ceramics,150
Damascus,Lv.4,Yahya ibn Zakariya,low,Glass,300
Damascus,Lv.4,Yahya ibn Zakariya,low,Perfume,400
Damascus,Lv.3,Zakariya ibn Haysam,low,Ceramics,150
Damascus,Lv.3,Zakariya ibn Haysam,low,Glass,300
Damascus,Lv.3,Zakariya ibn Haysam,low,Perfume,400
Damascus,Lv.2,Haysam ibn Mahmoud,low,Glass,300
Damascus,Lv.2,Haysam ibn Mahmoud,low,Perfume,400
Ecbatana,Lv.7,Bozorg Hadini,high,Jewels,10
Ecbatana,Lv.7,Bozorg Hadini,high,Instruments,20
Ecbatana,Lv.7,Bozorg Hadini,high,Weapons,125
Ecbatana,Lv.7,Bozorg Hadini,high,Wine,50
Ecbatana,Lv.7,Bozorg Hadini,high,Books,25
Ecbatana,Lv.7,Bozorg Hadini,high,Spices,250
Ecbatana,Lv.7,Bozorg Hadini,high,Glass,150
Ecbatana,Lv.7,Bozorg Hadini,high,Tea,45
Ecbatana,Lv.7,Bozorg Hadini,high,Buildingmaterials,1000
Ecbatana,Lv.6,Jamasp Naseri,high,Instruments,20
Ecbatana,Lv.6,Jamasp Naseri,high,Weapons,125
Ecbatana,Lv.6,Jamasp Naseri,high,Wine,50
Ecbatana,Lv.6,Jamasp Naseri,high,Books,25
Ecbatana,Lv.6,Jamasp Naseri,high,Spices,250
Ecbatana,Lv.6,Jamasp Naseri,high,Glass,150
Ecbatana,Lv.6,Jamasp Naseri,high,Tea,45
Ecbatana,Lv.6,Jamasp Naseri,high,Buildingmaterials,1000
Ecbatana,Lv.5,Kardar Dadvini,high,Weapons,125
Ecbatana,Lv.5,Kardar Dadvini,high,Wine,50
Ecbatana,Lv.5,Kardar Dadvini,high,Books,25
Ecbatana,Lv.5,Kardar Dadvini,high,Spices,250
Ecbatana,Lv.5,Kardar Dadvini,high,Glass,150
Ecbatana,Lv.5,Kardar Dadvini,high,Tea,45
Ecbatana,Lv.5,Kardar Dadvini,high,Buildingmaterials,1000
Ecbatana,Lv.4,Amir Zādānī,high,Wine,50
Ecbatana,Lv.4,Amir Zādānī,high,Books,25
Ecbatana,Lv.4,Amir Zādānī,high,Spices,250
Ecbatana,Lv.4,Amir Zādānī,high,Glass,150
Ecbatana,Lv.4,Amir Zādānī,high,Tea,45
Ecbatana,Lv.4,Amir Zādānī,high,Buildingmaterials,1000
Ecbatana,Lv.3,Hordad Sharafi,high,Books,25
Ecbatana,Lv.3,Hordad Sharafi,high,Spices,250
Ecbatana,Lv.3,Hordad Sharafi,high,Glass,150
Ecbatana,Lv.3,Hordad Sharafi,high,Tea,45
Ecbatana,Lv.3,Hordad Sharafi,high,Buildingmaterials,1000
Ecbatana,Lv.2,Shahid Ardashiri,high,Spices,250
Ecbatana,Lv.2,Shahid Ardashiri,high,Glass,150
Ecbatana,Lv.2,Shahid Ardashiri,high,Tea,45
Ecbatana,Lv.2,Shahid Ardashiri,high,Buildingmaterials,1000
Ecbatana,Lv.7,Bozorg Hadini,mid,Jewels,15
Ecbatana,Lv.7,Bozorg Hadini,mid,Instruments,30
Ecbatana,Lv.7,Bozorg Hadini,mid,Weapons,187
Ecbatana,Lv.7,Bozorg Hadini,mid,Wine,75
Ecbatana,Lv.7,Bozorg Hadini,mid,Books,37
Ecbatana,Lv.7,Bozorg Hadini,mid,Spices,375
Ecbatana,Lv.7,Bozorg Hadini,mid,Glass,225
Ecbatana,Lv.7,Bozorg Hadini,mid,Tea,67
Ecbatana,Lv.7,Bozorg Hadini,mid,Buildingmaterials,1500
Ecbatana,Lv.6,Jamasp Naseri,mid,Instruments,30
Ecbatana,Lv.6,Jamasp Naseri,mid,Weapons,187
Ecbatana,Lv.6,Jamasp Naseri,mid,Wine,75
Ecbatana,Lv.6,Jamasp Naseri,mid,Books,37
Ecbatana,Lv.6,Jamasp Naseri,mid,Spices,375
Ecbatana,Lv.6,Jamasp Naseri,mid,Glass,225
Ecbatana,Lv.6,Jamasp Naseri,mid,Tea,67
Ecbatana,Lv.6,Jamasp Naseri,mid,Buildingmaterials,1500
Ecbatana,Lv.5,Kardar Dadvini,mid,Weapons,187
Ecbatana,Lv.5,Kardar Dadvini,mid,Wine,75
Ecbatana,Lv.5,Kardar Dadvini,mid,Books,37
Ecbatana,Lv.5,Kardar Dadvini,mid,Spices,375
Ecbatana,Lv.5,Kardar Dadvini,mid,Glass,225
Ecbatana,Lv.5,Kardar Dadvini,mid,Tea,67
Ecbatana,Lv.5,Kardar Dadvini,mid,Buildingmaterials,1500
Ecbatana,Lv.4,Amir Zādānī,mid,Wine,75
Ecbatana,Lv.4,Amir Zādānī,mid,Books,37
Ecbatana,Lv.4,Amir Zādānī,mid,Spices,375
Ecbatana,Lv.4,Amir Zādānī,mid,Glass,225
Ecbatana,Lv.4,Amir Zādānī,mid,Tea,67
Ecbatana,Lv.4,Amir Zādānī,mid,Buildingmaterials,1500
Ecbatana,Lv.3,Hordad Sharafi,mid,Books,37
Ecbatana,Lv.3,Hordad Sharafi,mid,Spices,375
Ecbatana,Lv.3,Hordad Sharafi,mid,Glass,225
Ecbatana,Lv.3,Hordad Sharafi,mid,Tea,67
Ecbatana,Lv.3,Hordad Sharafi,mid,Buildingmaterials,1500
Ecbatana,Lv.2,Shahid Ardashiri,mid,Spices,375
Ecbatana,Lv.2,Shahid Ardashiri,mid,Glass,225
Ecbatana,Lv.2,Shahid Ardashiri,mid,Tea,67
Ecbatana,Lv.2,Shahid Ardashiri,mid,Buildingmaterials,1500
Ecbatana,Lv.7,Bozorg Hadini,low,Jewels,20
Ecbatana,Lv.7,Bozorg Hadini,low,Instruments,40
Ecbatana,Lv.7,Bozorg Hadini,low,Weapons,250
Ecbatana,Lv.7,Bozorg Hadini,low,Wine,100
Ecbatana,Lv.7,Bozorg Hadini,low,Books,50
Ecbatana,Lv.7,Bozorg Hadini,low,Spices,500
Ecbatana,Lv.7,Bozorg Hadini,low,Glass,300
Ecbatana,Lv.7,Bozorg Hadini,low,Tea,90
Ecbatana,Lv.7,Bozorg Hadini,low,Buildingmaterials,2000
Ecbatana,Lv.6,Jamasp Naseri,low,Instruments,40
Ecbatana,Lv.6,Jamasp Naseri,low,Weapons,250
Ecbatana,Lv.6,Jamasp Naseri,low,Wine,100
Ecbatana,Lv.6,Jamasp Naseri,low,Books,50
Ecbatana,Lv.6,Jamasp Naseri,low,Spices,500
Ecbatana,Lv.6,Jamasp Naseri,low,Glass,300
Ecbatana,Lv.6,Jamasp Naseri,low,Tea,90
Ecbatana,Lv.6,Jamasp Naseri,low,Buildingmaterials,2000
Ecbatana,Lv.5,Kardar Dadvini,low,Weapons,250
Ecbatana,Lv.5,Kardar Dadvini,low,Wine,100
Ecbatana,Lv.5,Kardar Dadvini,low,Books,50
Ecbatana,Lv.5,Kardar Dadvini,low,Spices,500
Ecbatana,Lv.5,Kardar Dadvini,low,Glass,300
Ecbatana,Lv.5,Kardar Dadvini,low,Tea,90
Ecbatana,Lv.5,Kardar Dadvini,low,Buildingmaterials,2000
Ecbatana,Lv.4,Amir Zādānī,low,Wine,100
Ecbatana,Lv.4,Amir Zādānī,low,Books,50
Ecbatana,Lv.4,Amir Zādānī,low,Spices,500
Ecbatana,Lv.4,Amir Zādānī,low,Glass,300
Ecbatana,Lv.4,Amir Zādānī,low,Tea,90
Ecbatana,Lv.4,Amir Zādānī,low,Buildingmaterials,2000
Ecbatana,Lv.3,Hordad Sharafi,low,Books,50
Ecbatana,Lv.3,Hordad Sharafi,low,Spices,500
Ecbatana,Lv.3,Hordad Sharafi,low,Glass,300
Ecbatana,Lv.3,Hordad Sharafi,low,Tea,90
Ecbatana,Lv.3,Hordad Sharafi,low,Buildingmaterials,2000
Ecbatana,Lv.2,Shahid Ardashiri,low,Spices,500
Ecbatana,Lv.2,Shahid Ardashiri,low,Glass,300
Ecbatana,Lv.2,Shahid Ardashiri,low,Tea,90
Ecbatana,Lv.2,Shahid Ardashiri,low,Buildingmaterials,2000
Ezurum,Lv.7,Manuel Asratian,high,Animals,25
Ezurum,Lv.7,Manuel Asratian,high,Metalcraft,100
Ezurum,Lv.7,Manuel Asratian,high,Furs,50
Ezurum,Lv.7,Manuel Asratian,high,Spices,250
Ezurum,Lv.7,Manuel Asratian,high,Buildingmaterials,1500
Ezurum,Lv.7,Manuel Asratian,high,Burners,75
Ezurum,Lv.7,Manuel Asratian,high,Grains,2000
Ezurum,Lv.6,Bagrat Khachatourian,high,Metalcraft,100
Ezurum,Lv.6,Bagrat Khachatourian,high,Furs,50
Ezurum,Lv.6,Bagrat Khachatourian,high,Spices,250
Ezurum,Lv.6,Bagrat Khachatourian,high,Buildingmaterials,1500
Ezurum,Lv.6,Bagrat Khachatourian,high,Burners,75
Ezurum,Lv.6,Bagrat Khachatourian,high,Grains,2000
Ezurum,Lv.5,Hakob Manukian,high,Furs,50
Ezurum,Lv.5,Hakob Manukian,high,Spices,250
Ezurum,Lv.5,Hakob Manukian,high,Buildingmaterials,1500
Ezurum,Lv.5,Hakob Manukian,high,Burners,75
Ezurum,Lv.5,Hakob Manukian,high,Grains,2000
Ezurum,Lv.4,Sergis Karapetian,high,Spices,250
Ezurum,Lv.4,Sergis Karapetian,high,Buildingmaterials,1500
Ezurum,Lv.4,Sergis Karapetian,high,Burners,75
Ezurum,Lv.4,Sergis Karapetian,high,Grains,2000
Ezurum,Lv.3,Nicholas Torosian,high,Buildingmaterials,1500
Ezurum,Lv.3,Nicholas Torosian,high,Burners,75
Ezurum,Lv.3,Nicholas Torosian,high,Grains,2000
Ezurum,Lv.2,Tachat Hakobian,high,Burners,75
Ezurum,Lv.2,Tachat Hakobian,high,Grains,2000
Ezurum,Lv.7,Manuel Asratian,mid,Animals,37
Ezurum,Lv.7,Manuel Asratian,mid,Metalcraft,150
Ezurum,Lv.7,Manuel Asratian,mid,Furs,75
Ezurum,Lv.7,Manuel Asratian,mid,Spices,375
Ezurum,Lv.7,Manuel Asratian,mid,Buildingmaterials,2250
Ezurum,Lv.7,Manuel Asratian,mid,Burners,112
Ezurum,Lv.7,Manuel Asratian,mid,Grains,3000
Ezurum,Lv.6,Bagrat Khachatourian,mid,Metalcraft,150
Ezurum,Lv.6,Bagrat Khachatourian,mid,Furs,75
Ezurum,Lv.6,Bagrat Khachatourian,mid,Spices,375
Ezurum,Lv.6,Bagrat Khachatourian,mid,Buildingmaterials,2250
Ezurum,Lv.6,Bagrat Khachatourian,mid,Burners,112
Ezurum,Lv.6,Bagrat Khachatourian,mid,Grains,3000
Ezurum,Lv.5,Hakob Manukian,mid,Furs,75
Ezurum,Lv.5,Hakob Manukian,mid,Spices,375
Ezurum,Lv.5,Hakob Manukian,mid,Buildingmaterials,2250
Ezurum,Lv.5,Hakob Manukian,mid,Burners,112
Ezurum,Lv.5,Hakob Manukian,mid,Grains,3000
Ezurum,Lv.4,Sergis Karapetian,mid,Spices,375
Ezurum,Lv.4,Sergis Karapetian,mid,Buildingmaterials,2250
Ezurum,Lv.4,Sergis Karapetian,mid,Burners,112
Ezurum,Lv.4,Sergis Karapetian,mid,Grains,3000
Ezurum,Lv.3,Nicholas Torosian,mid,Buildingmaterials,2250
Ezurum,Lv.3,Nicholas Torosian,mid,Burners,112
Ezurum,Lv.3,Nicholas Torosian,mid,Grains,3000
Ezurum,Lv.2,Tachat Hakobian,mid,Burners,112
Ezurum,Lv.2,Tachat Hakobian,mid,Grains,3000
Ezurum,Lv.7,Manuel Asratian,low,Animals,50
Ezurum,Lv.7,Manuel Asratian,low,Metalcraft,200
Ezurum,Lv.7,Manuel Asratian,low,Furs,100
Ezurum,Lv.7,Manuel Asratian,low,Spices,500
Ezurum,Lv.7,Manuel Asratian,low,Buildingmaterials,3000
Ezurum,Lv.7,Manuel Asratian,low,Burners,150
Ezurum,Lv.7,Manuel Asratian,low,Grains,4000
Ezurum,Lv.6,Bagrat Khachatourian,low,Metalcraft,200
Ezurum,Lv.6,Bagrat Khachatourian,low,Furs,100
Ezurum,Lv.6,Bagrat Khachatourian,low,Spices,500
Ezurum,Lv.6,Bagrat Khachatourian,low,Buildingmaterials,3000
Ezurum,Lv.6,Bagrat Khachatourian,low,Burners,150
Ezurum,Lv.6,Bagrat Khachatourian,low,Grains,4000
Ezurum,Lv.5,Hakob Manukian,low,Furs,100
Ezurum,Lv.5,Hakob Manukian,low,Spices,500
Ezurum,Lv.5,Hakob Manukian,low,Buildingmaterials,3000
Ezurum,Lv.5,Hakob Manukian,low,Burners,150
Ezurum,Lv.5,Hakob Manukian,low,Grains,4000
Ezurum,Lv.4,Sergis Karapetian,low,Spices,500
Ezurum,Lv.4,Sergis Karapetian,low,Buildingmaterials,3000
Ezurum,Lv.4,Sergis Karapetian,low,Burners,150
Ezurum,Lv.4,Sergis Karapetian,low,Grains,4000
Ezurum,Lv.3,Nicholas Torosian,low,Buildingmaterials,3000
Ezurum,Lv.3,Nicholas Torosian,low,Burners,150
Ezurum,Lv.3,Nicholas Torosian,low,Grains,4000
Ezurum,Lv.2,Tachat Hakobian,low,Burners,150
Ezurum,Lv.2,Tachat Hakobian,low,Grains,4000
Gorgan,Lv.7,Pranarse Naseri,high,Silk,45
Gorgan,Lv.7,Pranarse Naseri,high,Weapons,85
Gorgan,Lv.7,Pranarse Naseri,high,Metals,500
Gorgan,Lv.7,Pranarse Naseri,high,Furs,100
Gorgan,Lv.7,Pranarse Naseri,high,Ceramics,150
Gorgan,Lv.7,Pranarse Naseri,high,Perfume,200
Gorgan,Lv.7,Pranarse Naseri,high,Jade,6
Gorgan,Lv.7,Pranarse Naseri,high,Grains,2000
Gorgan,Lv.7,Pranarse Naseri,high,Tea,75
Gorgan,Lv.7,Pranarse Naseri,high,Herbs,600
Gorgan,Lv.6,Sardar Hatami,high,Weapons,85
Gorgan,Lv.6,Sardar Hatami,high,Metals,500
Gorgan,Lv.6,Sardar Hatami,high,Furs,100
Gorgan,Lv.6,Sardar Hatami,high,Ceramics,150
Gorgan,Lv.6,Sardar Hatami,high,Perfume,200
Gorgan,Lv.6,Sardar Hatami,high,Jade,6
Gorgan,Lv.6,Sardar Hatami,high,Grains,2000
Gorgan,Lv.6,Sardar Hatami,high,Tea,75
Gorgan,Lv.6,Sardar Hatami,high,Herbs,600
Gorgan,Lv.5,Kamus Ardashiri,high,Metals,500
Gorgan,Lv.5,Kamus Ardashiri,high,Furs,100
Gorgan,Lv.5,Kamus Ardashiri,high,Ceramics,150
Gorgan,Lv.5,Kamus Ardashiri,high,Perfume,200
Gorgan,Lv.5,Kamus Ardashiri,high,Jade,6
Gorgan,Lv.5,Kamus Ardashiri,high,Grains,2000
Gorgan,Lv.5,Kamus Ardashiri,high,Tea,75
Gorgan,Lv.5,Kamus Ardashiri,high,Herbs,600
Gorgan,Lv.4,Dara Kardanī,high,Furs,100
Gorgan,Lv.4,Dara Kardanī,high,Ceramics,150
Gorgan,Lv.4,Dara Kardanī,high,Perfume,200
Gorgan,Lv.4,Dara Kardanī,high,Jade,6
Gorgan,Lv.4,Dara Kardanī,high,Grains,2000
Gorgan,Lv.4,Dara Kardanī,high,Tea,75
Gorgan,Lv.4,Dara Kardanī,high,Herbs,600
Gorgan,Lv.3,Bistun Zahiri,high,Ceramics,150
Gorgan,Lv.3,Bistun Zahiri,high,Perfume,200
Gorgan,Lv.3,Bistun Zahiri,high,Jade,6
Gorgan,Lv.3,Bistun Zahiri,high,Grains,2000
Gorgan,Lv.3,Bistun Zahiri,high,Tea,75
Gorgan,Lv.3,Bistun Zahiri,high,Herbs,600
Gorgan,Lv.2,Mithra Rostami,high,Perfume,200
Gorgan,Lv.2,Mithra Rostami,high,Jade,6
Gorgan,Lv.2,Mithra Rostami,high,Grains,2000
Gorgan,Lv.2,Mithra Rostami,high,Tea,75
Gorgan,Lv.2,Mithra Rostami,high,Herbs,600
Gorgan,Lv.7,Pranarse Naseri,mid,Silk,67
Gorgan,Lv.7,Pranarse Naseri,mid,Weapons,63
Gorgan,Lv.7,Pranarse Naseri,mid,Metals,750
Gorgan,Lv.7,Pranarse Naseri,mid,Furs,150
Gorgan,Lv.7,Pranarse Naseri,mid,Ceramics,225
Gorgan,Lv.7,Pranarse Naseri,mid,Perfume,300
Gorgan,Lv.7,Pranarse Naseri,mid,Jade,9
Gorgan,Lv.7,Pranarse Naseri,mid,Grains,3000
Gorgan,Lv.7,Pranarse Naseri,mid,Tea,56
Gorgan,Lv.7,Pranarse Naseri,mid,Herbs,900
Gorgan,Lv.6,Sardar Hatami,mid,Weapons,63
Gorgan,Lv.6,Sardar Hatami,mid,Metals,750
Gorgan,Lv.6,Sardar Hatami,mid,Furs,150
Gorgan,Lv.6,Sardar Hatami,mid,Ceramics,225
Gorgan,Lv.6,Sardar Hatami,mid,Perfume,300
Gorgan,Lv.6,Sardar Hatami,mid,Jade,9
Gorgan,Lv.6,Sardar Hatami,mid,Grains,3000
Gorgan,Lv.6,Sardar Hatami,mid,Tea,56
Gorgan,Lv.6,Sardar Hatami,mid,Herbs,900
Gorgan,Lv.5,Kamus Ardashiri,mid,Metals,750
Gorgan,Lv.5,Kamus Ardashiri,mid,Furs,150
Gorgan,Lv.5,Kamus Ardashiri,mid,Ceramics,225
Gorgan,Lv.5,Kamus Ardashiri,mid,Perfume,300
Gorgan,Lv.5,Kamus Ardashiri,mid,Jade,9
Gorgan,Lv.5,Kamus Ardashiri,mid,Grains,3000
Gorgan,Lv.5,Kamus Ardashiri,mid,Tea,56
Gorgan,Lv.5,Kamus Ardashiri,mid,Herbs,900
Gorgan,Lv.4,Dara Kardanī,mid,Furs,150
Gorgan,Lv.4,Dara Kardanī,mid,Ceramics,225
Gorgan,Lv.4,Dara Kardanī,mid,Perfume,300
Gorgan,Lv.4,Dara Kardanī,mid,Jade,9
Gorgan,Lv.4,Dara Kardanī,mid,Grains,3000
Gorgan,Lv.4,Dara Kardanī,mid,Tea,56
Gorgan,Lv.4,Dara Kardanī,mid,Herbs,900
Gorgan,Lv.3,Bistun Zahiri,mid,Ceramics,225
Gorgan,Lv.3,Bistun Zahiri,mid,Perfume,300
Gorgan,Lv.3,Bistun Zahiri,mid,Jade,9
Gorgan,Lv.3,Bistun Zahiri,mid,Grains,3000
Gorgan,Lv.3,Bistun Zahiri,mid,Tea,56
Gorgan,Lv.3,Bistun Zahiri,mid,Herbs,900
Gorgan,Lv.2,Mithra Rostami,mid,Perfume,300
Gorgan,Lv.2,Mithra Rostami,mid,Jade,9
Gorgan,Lv.2,Mithra Rostami,mid,Grains,3000
Gorgan,Lv.2,Mithra Rostami,mid,Tea,56
Gorgan,Lv.2,Mithra Rostami,mid,Herbs,900
Gorgan,Lv.7,Pranarse Naseri,low,Silk,90
Gorgan,Lv.7,Pranarse Naseri,low,Weapons,170
Gorgan,Lv.7,Pranarse Naseri,low,Metals,1000
Gorgan,Lv.7,Pranarse Naseri,low,Furs,200
Gorgan,Lv.7,Pranarse Naseri,low,Ceramics,300
Gorgan,Lv.7,Pranarse Naseri,low,Perfume,400
Gorgan,Lv.7,Pranarse Naseri,low,Jade,12
Gorgan,Lv.7,Pranarse Naseri,low,Grains,4000
Gorgan,Lv.7,Pranarse Naseri,low,Tea,150
Gorgan,Lv.7,Pranarse Naseri,low,Herbs,1200
Gorgan,Lv.6,Sardar Hatami,low,Weapons,126
Gorgan,Lv.6,Sardar Hatami,low,Metals,1000
Gorgan,Lv.6,Sardar Hatami,low,Furs,200
Gorgan,Lv.6,Sardar Hatami,low,Ceramics,300
Gorgan,Lv.6,Sardar Hatami,low,Perfume,400
Gorgan,Lv.6,Sardar Hatami,low,Jade,12
Gorgan,Lv.6,Sardar Hatami,low,Grains,4000
Gorgan,Lv.6,Sardar Hatami,low,Tea,112
Gorgan,Lv.6,Sardar Hatami,low,Herbs,1200
Gorgan,Lv.5,Kamus Ardashiri,low,Metals,1000
Gorgan,Lv.5,Kamus Ardashiri,low,Furs,200
Gorgan,Lv.5,Kamus Ardashiri,low,Ceramics,300
Gorgan,Lv.5,Kamus Ardashiri,low,Perfume,400
Gorgan,Lv.5,Kamus Ardashiri,low,Jade,12
Gorgan,Lv.5,Kamus Ardashiri,low,Grains,4000
Gorgan,Lv.5,Kamus Ardashiri,low,Tea,150
Gorgan,Lv.5,Kamus Ardashiri,low,Herbs,1200
Gorgan,Lv.4,Dara Kardanī,low,Furs,200
Gorgan,Lv.4,Dara Kardanī,low,Ceramics,300
Gorgan,Lv.4,Dara Kardanī,low,Perfume,400
Gorgan,Lv.4,Dara Kardanī,low,Jade,12
Gorgan,Lv.4,Dara Kardanī,low,Grains,4000
Gorgan,Lv.4,Dara Kardanī,low,Tea,150
Gorgan,Lv.4,Dara Kardanī,low,Herbs,1200
Gorgan,Lv.3,Bistun Zahiri,low,Ceramics,300
Gorgan,Lv.3,Bistun Zahiri,low,Perfume,400
Gorgan,Lv.3,Bistun Zahiri,low,Jade,12
Gorgan,Lv.3,Bistun Zahiri,low,Grains,4000
Gorgan,Lv.3,Bistun Zahiri,low,Tea,150
Gorgan,Lv.3,Bistun Zahiri,low,Herbs,1200
Gorgan,Lv.2,Mithra Rostami,low,Perfume,400
Gorgan,Lv.2,Mithra Rostami,low,Jade,12
Gorgan,Lv.2,Mithra Rostami,low,Grains,4000
Gorgan,Lv.2,Mithra Rostami,low,Tea,150
Gorgan,Lv.2,Mithra Rostami,low,Herbs,1200
Jerusalem,Lv.7,Solomon ben Abraham,high,Relics,5
Jerusalem,Lv.7,Solomon ben Abraham,high,Animals,25
Jerusalem,Lv.7,Solomon ben Abraham,high,Weapons,140
Jerusalem,Lv.7,Solomon ben Abraham,high,Books,25
Jerusalem,Lv.7,Solomon ben Abraham,high,Tea,30
Jerusalem,Lv.7,Solomon ben Abraham,high,Glass,150
Jerusalem,Lv.7,Solomon ben Abraham,high,Ceramics,75
Jerusalem,Lv.7,Solomon ben Abraham,high,Jade,7
Jerusalem,Lv.7,Solomon ben Abraham,high,Burners,75
Jerusalem,Lv.7,Solomon ben Abraham,high,Herbs,600
Jerusalem,Lv.6,David ben Solomon,high,Animals,25
Jerusalem,Lv.6,David ben Solomon,high,Weapons,140
Jerusalem,Lv.6,David ben Solomon,high,Books,25
Jerusalem,Lv.6,David ben Solomon,high,Tea,30
Jerusalem,Lv.6,David ben Solomon,high,Glass,150
Jerusalem,Lv.6,David ben Solomon,high,Ceramics,75
Jerusalem,Lv.6,David ben Solomon,high,Jade,7
Jerusalem,Lv.6,David ben Solomon,high,Burners,75
Jerusalem,Lv.6,David ben Solomon,high,Herbs,600
Jerusalem,Lv.5,Abraham ben Yaakov,high,Weapons,140
Jerusalem,Lv.5,Abraham ben Yaakov,high,Books,25
Jerusalem,Lv.5,Abraham ben Yaakov,high,Tea,30
Jerusalem,Lv.5,Abraham ben Yaakov,high,Glass,150
Jerusalem,Lv.5,Abraham ben Yaakov,high,Ceramics,75
Jerusalem,Lv.5,Abraham ben Yaakov,high,Jade,7
Jerusalem,Lv.5,Abraham ben Yaakov,high,Burners,75
Jerusalem,Lv.5,Abraham ben Yaakov,high,Herbs,600
Jerusalem,Lv.4,Yosef ben David,high,Books,25
Jerusalem,Lv.4,Yosef ben David,high,Tea,30
Jerusalem,Lv.4,Yosef ben David,high,Glass,150
Jerusalem,Lv.4,Yosef ben David,high,Ceramics,75
Jerusalem,Lv.4,Yosef ben David,high,Jade,7
Jerusalem,Lv.4,Yosef ben David,high,Burners,75
Jerusalem,Lv.4,Yosef ben David,high,Herbs,600
Jerusalem,Lv.3,Rachel ben Yosef,high,Tea,30
Jerusalem,Lv.3,Rachel ben Yosef,high,Glass,150
Jerusalem,Lv.3,Rachel ben Yosef,high,Ceramics,75
Jerusalem,Lv.3,Rachel ben Yosef,high,Jade,7
Jerusalem,Lv.3,Rachel ben Yosef,high,Burners,75
Jerusalem,Lv.3,Rachel ben Yosef,high,Herbs,600
Jerusalem,Lv.2,Isaiah ben Abraham,high,Glass,150
Jerusalem,Lv.2,Isaiah ben Abraham,high,Ceramics,75
Jerusalem,Lv.2,Isaiah ben Abraham,high,Jade,7
Jerusalem,Lv.2,Isaiah ben Abraham,high,Burners,75
Jerusalem,Lv.2,Isaiah ben Abraham,high,Herbs,600
Jerusalem,Lv.7,Solomon ben Abraham,mid,Relics,7
Jerusalem,Lv.7,Solomon ben Abraham,mid,Animals,37
Jerusalem,Lv.7,Solomon ben Abraham,mid,Weapons,210
Jerusalem,Lv.7,Solomon ben Abraham,mid,Books,37
Jerusalem,Lv.7,Solomon ben Abraham,mid,Tea,45
Jerusalem,Lv.7,Solomon ben Abraham,mid,Glass,225
Jerusalem,Lv.7,Solomon ben Abraham,mid,Ceramics,112
Jerusalem,Lv.7,Solomon ben Abraham,mid,Jade,10
Jerusalem,Lv.7,Solomon ben Abraham,mid,Burners,112
Jerusalem,Lv.7,Solomon ben Abraham,mid,Herbs,900
Jerusalem,Lv.6,David ben Solomon,mid,Animals,37
Jerusalem,Lv.6,David ben Solomon,mid,Weapons,210
Jerusalem,Lv.6,David ben Solomon,mid,Books,37
Jerusalem,Lv.6,David ben Solomon,mid,Tea,45
Jerusalem,Lv.6,David ben Solomon,mid,Glass,225
Jerusalem,Lv.6,David ben Solomon,mid,Ceramics,112
Jerusalem,Lv.6,David ben Solomon,mid,Jade,10
Jerusalem,Lv.6,David ben Solomon,mid,Burners,112
Jerusalem,Lv.6,David ben Solomon,mid,Herbs,900
Jerusalem,Lv.5,Abraham ben Yaakov,mid,Weapons,210
Jerusalem,Lv.5,Abraham ben Yaakov,mid,Books,37
Jerusalem,Lv.5,Abraham ben Yaakov,mid,Tea,45
Jerusalem,Lv.5,Abraham ben Yaakov,mid,Glass,225
Jerusalem,Lv.5,Abraham ben Yaakov,mid,Ceramics,112
Jerusalem,Lv.5,Abraham ben Yaakov,mid,Jade,10
Jerusalem,Lv.5,Abraham ben Yaakov,mid,Burners,112
Jerusalem,Lv.5,Abraham ben Yaakov,mid,Herbs,900
Jerusalem,Lv.4,Yosef ben David,mid,Books,37
Jerusalem,Lv.4,Yosef ben David,mid,Tea,45
Jerusalem,Lv.4,Yosef ben David,mid,Glass,225
Jerusalem,Lv.4,Yosef ben David,mid,Ceramics,112
Jerusalem,Lv.4,Yosef ben David,mid,Jade,10
Jerusalem,Lv.4,Yosef ben David,mid,Burners,112
Jerusalem,Lv.4,Yosef ben David,mid,Herbs,900
Jerusalem,Lv.3,Rachel ben Yosef,mid,Tea,45
Jerusalem,Lv.3,Rachel ben Yosef,mid,Glass,225
Jerusalem,Lv.3,Rachel ben Yosef,mid,Ceramics,112
Jerusalem,Lv.3,Rachel ben Yosef,mid,Jade,10
Jerusalem,Lv.3,Rachel ben Yosef,mid,Burners,112
Jerusalem,Lv.3,Rachel ben Yosef,mid,Herbs,900
Jerusalem,Lv.2,Isaiah ben Abraham,mid,Glass,225
Jerusalem,Lv.2,Isaiah ben Abraham,mid,Ceramics,112
Jerusalem,Lv.2,Isaiah ben Abraham,mid,Jade,10
Jerusalem,Lv.2,Isaiah ben Abraham,mid,Burners,112
Jerusalem,Lv.2,Isaiah ben Abraham,mid,Herbs,900
Jerusalem,Lv.7,Solomon ben Abraham,low,Relics,10
Jerusalem,Lv.7,Solomon ben Abraham,low,Animals,50
Jerusalem,Lv.7,Solomon ben Abraham,low,Weapons,280
Jerusalem,Lv.7,Solomon ben Abraham,low,Books,50
Jerusalem,Lv.7,Solomon ben Abraham,low,Tea,60
Jerusalem,Lv.7,Solomon ben Abraham,low,Glass,300
Jerusalem,Lv.7,Solomon ben Abraham,low,Ceramics,150
Jerusalem,Lv.7,Solomon ben Abraham,low,Jade,14
Jerusalem,Lv.7,Solomon ben Abraham,low,Burners,150
Jerusalem,Lv.7,Solomon ben Abraham,low,Herbs,1200
Jerusalem,Lv.6,David ben Solomon,low,Animals,50
Jerusalem,Lv.6,David ben Solomon,low,Weapons,280
Jerusalem,Lv.6,David ben Solomon,low,Books,50
Jerusalem,Lv.6,David ben Solomon,low,Tea,60
Jerusalem,Lv.6,David ben Solomon,low,Glass,300
Jerusalem,Lv.6,David ben Solomon,low,Ceramics,150
Jerusalem,Lv.6,David ben Solomon,low,Jade,14
Jerusalem,Lv.6,David ben Solomon,low,Burners,150
Jerusalem,Lv.6,David ben Solomon,low,Herbs,1200
Jerusalem,Lv.5,Abraham ben Yaakov,low,Weapons,280
Jerusalem,Lv.5,Abraham ben Yaakov,low,Books,50
Jerusalem,Lv.5,Abraham ben Yaakov,low,Tea,60
Jerusalem,Lv.5,Abraham ben Yaakov,low,Glass,300
Jerusalem,Lv.5,Abraham ben Yaakov,low,Ceramics,150
Jerusalem,Lv.5,Abraham ben Yaakov,low,Jade,14
Jerusalem,Lv.5,Abraham ben Yaakov,low,Burners,150
Jerusalem,Lv.5,Abraham ben Yaakov,low,Herbs,1200
Jerusalem,Lv.4,Yosef ben David,low,Books,50
Jerusalem,Lv.4,Yosef ben David,low,Tea,60
Jerusalem,Lv.4,Yosef ben David,low,Glass,300
Jerusalem,Lv.4,Yosef ben David,low,Ceramics,150
Jerusalem,Lv.4,Yosef ben David,low,Jade,14
Jerusalem,Lv.4,Yosef ben David,low,Burners,150
Jerusalem,Lv.4,Yosef ben David,low,Herbs,1200
Jerusalem,Lv.3,Rachel ben Yosef,low,Tea,60
Jerusalem,Lv.3,Rachel ben Yosef,low,Glass,300
Jerusalem,Lv.3,Rachel ben Yosef,low,Ceramics,150
Jerusalem,Lv.3,Rachel ben Yosef,low,Jade,14
Jerusalem,Lv.3,Rachel ben Yosef,low,Burners,150
Jerusalem,Lv.3,Rachel ben Yosef,low,Herbs,1200
Jerusalem,Lv.2,Isaiah ben Abraham,low,Glass,300
Jerusalem,Lv.2,Isaiah ben Abraham,low,Ceramics,150
Jerusalem,Lv.2,Isaiah ben Abraham,low,Jade,14
Jerusalem,Lv.2,Isaiah ben Abraham,low,Burners,150
Jerusalem,Lv.2,Isaiah ben Abraham,low,Herbs,1200
Merv,Lv.7,Tahmasp Mādhānī,high,Silk,45
Merv,Lv.7,Tahmasp Mādhānī,high,Furs,100
Merv,Lv.7,Tahmasp Mādhānī,high,Burners,75
Merv,Lv.7,Tahmasp Mādhānī,high,Grains,2000
Merv,Lv.7,Tahmasp Mādhānī,high,Paper,500
Merv,Lv.7,Tahmasp Mādhānī,high,Herbs,600
Merv,Lv.7,Tahmasp Mādhānī,high,Cheese,400
Merv,Lv.6,Hormuzd Hatamī,high,Furs,100
Merv,Lv.6,Hormuzd Hatamī,high,Burners,75
Merv,Lv.6,Hormuzd Hatamī,high,Grains,2000
Merv,Lv.6,Hormuzd Hatamī,high,Paper,500
Merv,Lv.6,Hormuzd Hatamī,high,Herbs,600
Merv,Lv.6,Hormuzd Hatamī,high,Cheese,400
Merv,Lv.5,Gushnasp Hādīnī,high,Burners,75
Merv,Lv.5,Gushnasp Hādīnī,high,Grains,2000
Merv,Lv.5,Gushnasp Hādīnī,high,Paper,500
Merv,Lv.5,Gushnasp Hādīnī,high,Herbs,600
Merv,Lv.5,Gushnasp Hādīnī,high,Cheese,400
Merv,Lv.4,Ardashir Rostamī,high,Grains,2000
Merv,Lv.4,Ardashir Rostamī,high,Paper,500
Merv,Lv.4,Ardashir Rostamī,high,Herbs,600
Merv,Lv.4,Ardashir Rostamī,high,Cheese,400
Merv,Lv.3,Shapur Ardāshirī,high,Paper,500
Merv,Lv.3,Shapur Ardāshirī,high,Herbs,600
Merv,Lv.3,Shapur Ardāshirī,high,Cheese,400
Merv,Lv.2,Rustak Zādānī,high,Herbs,600
Merv,Lv.2,Rustak Zādānī,high,Cheese,400
Merv,Lv.7,Tahmasp Mādhānī,mid,Silk,67
Merv,Lv.7,Tahmasp Mādhānī,mid,Furs,150
Merv,Lv.7,Tahmasp Mādhānī,mid,Burners,112
Merv,Lv.7,Tahmasp Mādhānī,mid,Grains,3000
Merv,Lv.7,Tahmasp Mādhānī,mid,Paper,750
Merv,Lv.7,Tahmasp Mādhānī,mid,Herbs,900
Merv,Lv.7,Tahmasp Mādhānī,mid,Cheese,600
Merv,Lv.6,Hormuzd Hatamī,mid,Furs,150
Merv,Lv.6,Hormuzd Hatamī,mid,Burners,112
Merv,Lv.6,Hormuzd Hatamī,mid,Grains,3000
Merv,Lv.6,Hormuzd Hatamī,mid,Paper,750
Merv,Lv.6,Hormuzd Hatamī,mid,Herbs,900
Merv,Lv.6,Hormuzd Hatamī,mid,Cheese,600
Merv,Lv.5,Gushnasp Hādīnī,mid,Burners,112
Merv,Lv.5,Gushnasp Hādīnī,mid,Grains,3000
Merv,Lv.5,Gushnasp Hādīnī,mid,Paper,750
Merv,Lv.5,Gushnasp Hādīnī,mid,Herbs,900
Merv,Lv.5,Gushnasp Hādīnī,mid,Cheese,600
Merv,Lv.4,Ardashir Rostamī,mid,Grains,3000
Merv,Lv.4,Ardashir Rostamī,mid,Paper,750
Merv,Lv.4,Ardashir Rostamī,mid,Herbs,900
Merv,Lv.4,Ardashir Rostamī,mid,Cheese,600
Merv,Lv.3,Shapur Ardāshirī,mid,Paper,750
Merv,Lv.3,Shapur Ardāshirī,mid,Herbs,900
Merv,Lv.3,Shapur Ardāshirī,mid,Cheese,600
Merv,Lv.2,Rustak Zādānī,mid,Herbs,900
Merv,Lv.2,Rustak Zādānī,low,Cheese,600
Merv,Lv.7,Tahmasp Mādhānī,low,Silk,90
Merv,Lv.7,Tahmasp Mādhānī,low,Furs,200
Merv,Lv.7,Tahmasp Mādhānī,low,Burners,150
Merv,Lv.7,Tahmasp Mādhānī,low,Grains,4000
Merv,Lv.7,Tahmasp Mādhānī,low,Paper,1000
Merv,Lv.7,Tahmasp Mādhānī,low,Herbs,1200
Merv,Lv.7,Tahmasp Mādhānī,low,Cheese,800
Merv,Lv.6,Hormuzd Hatamī,low,Furs,200
Merv,Lv.6,Hormuzd Hatamī,low,Burners,150
Merv,Lv.6,Hormuzd Hatamī,low,Grains,4000
Merv,Lv.6,Hormuzd Hatamī,low,Paper,1000
Merv,Lv.6,Hormuzd Hatamī,low,Herbs,1200
Merv,Lv.6,Hormuzd Hatamī,low,Cheese,800
Merv,Lv.5,Gushnasp Hādīnī,low,Burners,150
Merv,Lv.5,Gushnasp Hādīnī,low,Grains,4000
Merv,Lv.5,Gushnasp Hādīnī,low,Paper,1000
Merv,Lv.5,Gushnasp Hādīnī,low,Herbs,1200
Merv,Lv.5,Gushnasp Hādīnī,low,Cheese,800
Merv,Lv.4,Ardashir Rostamī,low,Grains,4000
Merv,Lv.4,Ardashir Rostamī,low,Paper,1000
Merv,Lv.4,Ardashir Rostamī,low,Herbs,1200
Merv,Lv.4,Ardashir Rostamī,low,Cheese,800
Merv,Lv.3,Shapur Ardāshirī,low,Paper,1000
Merv,Lv.3,Shapur Ardāshirī,low,Herbs,1200
Merv,Lv.3,Shapur Ardāshirī,low,Cheese,800
Merv,Lv.2,Rustak Zādānī,low,Herbs,1200
Merv,Lv.2,Rustak Zādānī,low,Cheese,800
Nishaqur,Lv.7,Zahhak Hordādī,high,Relics,5
Nishaqur,Lv.7,Zahhak Hordādī,high,Jewels,10
Nishaqur,Lv.7,Zahhak Hordādī,high,Weapons,110
Nishaqur,Lv.7,Zahhak Hordādī,high,Metals,250
Nishaqur,Lv.7,Zahhak Hordādī,high,Spices,350
Nishaqur,Lv.7,Zahhak Hordādī,high,Ceramics,150
Nishaqur,Lv.7,Zahhak Hordādī,high,Glass,150
Nishaqur,Lv.7,Zahhak Hordādī,high,Jade,13
Nishaqur,Lv.7,Zahhak Hordādī,high,Tea,60
Nishaqur,Lv.7,Zahhak Hordādī,high,Herbs,600
Nishaqur,Lv.6,Mirza Sharafī,high,Jewels,10
Nishaqur,Lv.6,Mirza Sharafī,high,Weapons,110
Nishaqur,Lv.6,Mirza Sharafī,high,Metals,250
Nishaqur,Lv.6,Mirza Sharafī,high,Spices,350
Nishaqur,Lv.6,Mirza Sharafī,high,Ceramics,150
Nishaqur,Lv.6,Mirza Sharafī,high,Glass,150
Nishaqur,Lv.6,Mirza Sharafī,high,Jade,13
Nishaqur,Lv.6,Mirza Sharafī,high,Tea,60
Nishaqur,Lv.6,Mirza Sharafī,high,Herbs,600
Nishaqur,Lv.5,Khudadad Naserī,high,Weapons,110
Nishaqur,Lv.5,Khudadad Naserī,high,Metals,250
Nishaqur,Lv.5,Khudadad Naserī,high,Spices,350
Nishaqur,Lv.5,Khudadad Naserī,high,Ceramics,150
Nishaqur,Lv.5,Khudadad Naserī,high,Glass,150
Nishaqur,Lv.5,Khudadad Naserī,high,Jade,13
Nishaqur,Lv.5,Khudadad Naserī,high,Tea,60
Nishaqur,Lv.5,Khudadad Naserī,high,Herbs,600
Nishaqur,Lv.4,Piruz Javānī,high,Metals,250
Nishaqur,Lv.4,Piruz Javānī,high,Spices,350
Nishaqur,Lv.4,Piruz Javānī,high,Ceramics,150
Nishaqur,Lv.4,Piruz Javānī,high,Glass,150
Nishaqur,Lv.4,Piruz Javānī,high,Jade,13
Nishaqur,Lv.4,Piruz Javānī,high,Tea,60
Nishaqur,Lv.4,Piruz Javānī,high,Herbs,600
Nishaqur,Lv.3,Rostamī Kardanī,high,Spices,350
Nishaqur,Lv.3,Rostamī Kardanī,high,Ceramics,150
Nishaqur,Lv.3,Rostamī Kardanī,high,Glass,150
Nishaqur,Lv.3,Rostamī Kardanī,high,Jade,13
Nishaqur,Lv.3,Rostamī Kardanī,high,Tea,60
Nishaqur,Lv.3,Rostamī Kardanī,high,Herbs,600
Nishaqur,Lv.2,Kiyars Dadvinī,high,Ceramics,150
Nishaqur,Lv.2,Kiyars Dadvinī,high,Glass,150
Nishaqur,Lv.2,Kiyars Dadvinī,high,Jade,13
Nishaqur,Lv.2,Kiyars Dadvinī,high,Tea,60
Nishaqur,Lv.2,Kiyars Dadvinī,high,Herbs,600
Nishaqur,Lv.7,Zahhak Hordādī,mid,Relics,7
Nishaqur,Lv.7,Zahhak Hordādī,mid,Jewels,15
Nishaqur,Lv.7,Zahhak Hordādī,mid,Weapons,165
Nishaqur,Lv.7,Zahhak Hordādī,mid,Metals,375
Nishaqur,Lv.7,Zahhak Hordādī,mid,Spices,525
Nishaqur,Lv.7,Zahhak Hordādī,mid,Ceramics,225
Nishaqur,Lv.7,Zahhak Hordādī,mid,Glass,225
Nishaqur,Lv.7,Zahhak Hordādī,mid,Jade,19
Nishaqur,Lv.7,Zahhak Hordādī,mid,Tea,90
Nishaqur,Lv.7,Zahhak Hordādī,mid,Herbs,900
Nishaqur,Lv.6,Mirza Sharafī,mid,Jewels,15
Nishaqur,Lv.6,Mirza Sharafī,mid,Weapons,165
Nishaqur,Lv.6,Mirza Sharafī,mid,Metals,375
Nishaqur,Lv.6,Mirza Sharafī,mid,Spices,525
Nishaqur,Lv.6,Mirza Sharafī,mid,Ceramics,225
Nishaqur,Lv.6,Mirza Sharafī,mid,Glass,225
Nishaqur,Lv.6,Mirza Sharafī,mid,Jade,19
Nishaqur,Lv.6,Mirza Sharafī,mid,Tea,90
Nishaqur,Lv.6,Mirza Sharafī,mid,Herbs,900
Nishaqur,Lv.5,Khudadad Naserī,mid,Weapons,165
Nishaqur,Lv.5,Khudadad Naserī,mid,Metals,375
Nishaqur,Lv.5,Khudadad Naserī,mid,Spices,525
Nishaqur,Lv.5,Khudadad Naserī,mid,Ceramics,225
Nishaqur,Lv.5,Khudadad Naserī,mid,Glass,225
Nishaqur,Lv.5,Khudadad Naserī,mid,Jade,19
Nishaqur,Lv.5,Khudadad Naserī,mid,Tea,90
Nishaqur,Lv.5,Khudadad Naserī,mid,Herbs,900
Nishaqur,Lv.4,Piruz Javānī,mid,Metals,375
Nishaqur,Lv.4,Piruz Javānī,mid,Spices,525
Nishaqur,Lv.4,Piruz Javānī,mid,Ceramics,225
Nishaqur,Lv.4,Piruz Javānī,mid,Glass,225
Nishaqur,Lv.4,Piruz Javānī,mid,Jade,19
Nishaqur,Lv.4,Piruz Javānī,mid,Tea,90
Nishaqur,Lv.4,Piruz Javānī,mid,Herbs,900
Nishaqur,Lv.3,Rostamī Kardanī,mid,Spices,525
Nishaqur,Lv.3,Rostamī Kardanī,mid,Ceramics,225
Nishaqur,Lv.3,Rostamī Kardanī,mid,Glass,225
Nishaqur,Lv.3,Rostamī Kardanī,mid,Jade,19
Nishaqur,Lv.3,Rostamī Kardanī,mid,Tea,90
Nishaqur,Lv.3,Rostamī Kardanī,mid,Herbs,900
Nishaqur,Lv.2,Kiyars Dadvinī,mid,Ceramics,225
Nishaqur,Lv.2,Kiyars Dadvinī,mid,Glass,225
Nishaqur,Lv.2,Kiyars Dadvinī,mid,Jade,19
Nishaqur,Lv.2,Kiyars Dadvinī,mid,Tea,90
Nishaqur,Lv.2,Kiyars Dadvinī,mid,Herbs,900
Nishaqur,Lv.7,Zahhak Hordādī,low,Relics,10
Nishaqur,Lv.7,Zahhak Hordādī,low,Jewels,20
Nishaqur,Lv.7,Zahhak Hordādī,low,Weapons,220
Nishaqur,Lv.7,Zahhak Hordādī,low,Metals,500
Nishaqur,Lv.7,Zahhak Hordādī,low,Spices,700
Nishaqur,Lv.7,Zahhak Hordādī,low,Ceramics,300
Nishaqur,Lv.7,Zahhak Hordādī,low,Glass,300
Nishaqur,Lv.7,Zahhak Hordādī,low,Jade,26
Nishaqur,Lv.7,Zahhak Hordādī,low,Tea,120
Nishaqur,Lv.7,Zahhak Hordādī,low,Herbs,1200
Nishaqur,Lv.6,Mirza Sharafī,low,Jewels,20
Nishaqur,Lv.6,Mirza Sharafī,low,Weapons,220
Nishaqur,Lv.6,Mirza Sharafī,low,Metals,500
Nishaqur,Lv.6,Mirza Sharafī,low,Spices,700
Nishaqur,Lv.6,Mirza Sharafī,low,Ceramics,300
Nishaqur,Lv.6,Mirza Sharafī,low,Glass,300
Nishaqur,Lv.6,Mirza Sharafī,low,Jade,26
Nishaqur,Lv.6,Mirza Sharafī,low,Tea,120
Nishaqur,Lv.6,Mirza Sharafī,low,Herbs,1200
Nishaqur,Lv.5,Khudadad Naserī,low,Weapons,220
Nishaqur,Lv.5,Khudadad Naserī,low,Metals,500
Nishaqur,Lv.5,Khudadad Naserī,low,Spices,700
Nishaqur,Lv.5,Khudadad Naserī,low,Ceramics,300
Nishaqur,Lv.5,Khudadad Naserī,low,Glass,300
Nishaqur,Lv.5,Khudadad Naserī,low,Jade,26
Nishaqur,Lv.5,Khudadad Naserī,low,Tea,120
Nishaqur,Lv.5,Khudadad Naserī,low,Herbs,1200
Nishaqur,Lv.4,Piruz Javānī,low,Metals,500
Nishaqur,Lv.4,Piruz Javānī,low,Spices,700
Nishaqur,Lv.4,Piruz Javānī,low,Ceramics,300
Nishaqur,Lv.4,Piruz Javānī,low,Glass,300
Nishaqur,Lv.4,Piruz Javānī,low,Jade,26
Nishaqur,Lv.4,Piruz Javānī,low,Tea,120
Nishaqur,Lv.4,Piruz Javānī,low,Herbs,1200
Nishaqur,Lv.3,Rostamī Kardanī,low,Spices,700
Nishaqur,Lv.3,Rostamī Kardanī,low,Ceramics,300
Nishaqur,Lv.3,Rostamī Kardanī,low,Glass,300
Nishaqur,Lv.3,Rostamī Kardanī,low,Jade,26
Nishaqur,Lv.3,Rostamī Kardanī,low,Tea,120
Nishaqur,Lv.3,Rostamī Kardanī,low,Herbs,1200
Nishaqur,Lv.2,Kiyars Dadvinī,low,Ceramics,300
Nishaqur,Lv.2,Kiyars Dadvinī,low,Glass,300
Nishaqur,Lv.2,Kiyars Dadvinī,low,Jade,26
Nishaqur,Lv.2,Kiyars Dadvinī,low,Tea,120
Nishaqur,Lv.2,Kiyars Dadvinī,low,Herbs,1200
Palmyra,Lv.7,Lucius Antiochianus,high,Animals,25
Palmyra,Lv.7,Lucius Antiochianus,high,Metalcraft,100
Palmyra,Lv.7,Lucius Antiochianus,high,Wine,50
Palmyra,Lv.7,Lucius Antiochianus,high,Ceramics,75
Palmyra,Lv.7,Lucius Antiochianus,high,Glass,150
Palmyra,Lv.7,Lucius Antiochianus,high,Burners,75
Palmyra,Lv.7,Lucius Antiochianus,high,Perfume,200
Palmyra,Lv.6,Marcus Severus,high,Metalcraft,100
Palmyra,Lv.6,Marcus Severus,high,Wine,50
Palmyra,Lv.6,Marcus Severus,high,Ceramics,75
Palmyra,Lv.6,Marcus Severus,high,Glass,150
Palmyra,Lv.6,Marcus Severus,high,Burners,75
Palmyra,Lv.6,Marcus Severus,high,Perfume,200
Palmyra,Lv.5,Pompeius Damaticus,high,Wine,50
Palmyra,Lv.5,Pompeius Damaticus,high,Ceramics,75
Palmyra,Lv.5,Pompeius Damaticus,high,Glass,150
Palmyra,Lv.5,Pompeius Damaticus,high,Burners,75
Palmyra,Lv.5,Pompeius Damaticus,high,Perfume,200
Palmyra,Lv.4,Severus Heraclius,high,Ceramics,75
Palmyra,Lv.4,Severus Heraclius,high,Glass,150
Palmyra,Lv.4,Severus Heraclius,high,Burners,75
Palmyra,Lv.4,Severus Heraclius,high,Perfume,200
Palmyra,Lv.3,Antiochus Ptolemaios,high,Glass,150
Palmyra,Lv.3,Antiochus Ptolemaios,high,Burners,75
Palmyra,Lv.3,Antiochus Ptolemaios,high,Perfume,200
Palmyra,Lv.2,Ptolemaios Aristarchos,high,Burners,75
Palmyra,Lv.2,Ptolemaios Aristarchos,high,Perfume,200
Palmyra,Lv.7,Lucius Antiochianus,mid,Animals,37
Palmyra,Lv.7,Lucius Antiochianus,mid,Metalcraft,150
Palmyra,Lv.7,Lucius Antiochianus,mid,Wine,75
Palmyra,Lv.7,Lucius Antiochianus,mid,Ceramics,112
Palmyra,Lv.7,Lucius Antiochianus,mid,Glass,225
Palmyra,Lv.7,Lucius Antiochianus,mid,Burners,112
Palmyra,Lv.7,Lucius Antiochianus,mid,Perfume,300
Palmyra,Lv.6,Marcus Severus,mid,Metalcraft,150
Palmyra,Lv.6,Marcus Severus,mid,Wine,75
Palmyra,Lv.6,Marcus Severus,mid,Ceramics,112
Palmyra,Lv.6,Marcus Severus,mid,Glass,225
Palmyra,Lv.6,Marcus Severus,mid,Burners,112
Palmyra,Lv.6,Marcus Severus,mid,Perfume,300
Palmyra,Lv.5,Pompeius Damaticus,mid,Wine,75
Palmyra,Lv.5,Pompeius Damaticus,mid,Ceramics,112
Palmyra,Lv.5,Pompeius Damaticus,mid,Glass,225
Palmyra,Lv.5,Pompeius Damaticus,mid,Burners,112
Palmyra,Lv.5,Pompeius Damaticus,mid,Perfume,300
Palmyra,Lv.4,Severus Heraclius,mid,Ceramics,112
Palmyra,Lv.4,Severus Heraclius,mid,Glass,225
Palmyra,Lv.4,Severus Heraclius,mid,Burners,112
Palmyra,Lv.4,Severus Heraclius,mid,Perfume,300
Palmyra,Lv.3,Antiochus Ptolemaios,mid,Glass,225
Palmyra,Lv.3,Antiochus Ptolemaios,mid,Burners,112
Palmyra,Lv.3,Antiochus Ptolemaios,mid,Perfume,300
Palmyra,Lv.2,Ptolemaios Aristarchos,mid,Burners,112
Palmyra,Lv.2,Ptolemaios Aristarchos,mid,Perfume,300
Palmyra,Lv.7,Lucius Antiochianus,low,Animals,50
Palmyra,Lv.7,Lucius Antiochianus,low,Metalcraft,200
Palmyra,Lv.7,Lucius Antiochianus,low,Wine,100
Palmyra,Lv.7,Lucius Antiochianus,low,Ceramics,150
Palmyra,Lv.7,Lucius Antiochianus,low,Glass,300
Palmyra,Lv.7,Lucius Antiochianus,low,Burners,150
Palmyra,Lv.7,Lucius Antiochianus,low,Perfume,400
Palmyra,Lv.6,Marcus Severus,low,Metalcraft,200
Palmyra,Lv.6,Marcus Severus,low,Wine,100
Palmyra,Lv.6,Marcus Severus,low,Ceramics,150
Palmyra,Lv.6,Marcus Severus,low,Glass,300
Palmyra,Lv.6,Marcus Severus,low,Burners,150
Palmyra,Lv.6,Marcus Severus,low,Perfume,400
Palmyra,Lv.5,Pompeius Damaticus,low,Wine,100
Palmyra,Lv.5,Pompeius Damaticus,low,Ceramics,150
Palmyra,Lv.5,Pompeius Damaticus,low,Glass,300
Palmyra,Lv.5,Pompeius Damaticus,low,Burners,150
Palmyra,Lv.5,Pompeius Damaticus,low,Perfume,400
Palmyra,Lv.4,Severus Heraclius,low,Ceramics,150
Palmyra,Lv.4,Severus Heraclius,low,Glass,300
Palmyra,Lv.4,Severus Heraclius,low,Burners,150
Palmyra,Lv.4,Severus Heraclius,low,Perfume,400
Palmyra,Lv.3,Antiochus Ptolemaios,low,Glass,300
Palmyra,Lv.3,Antiochus Ptolemaios,low,Burners,150
Palmyra,Lv.3,Antiochus Ptolemaios,low,Perfume,400
Palmyra,Lv.2,Ptolemaios Aristarchos,low,Burners,150
Palmyra,Lv.2,Ptolemaios Aristarchos,low,Perfume,400
Samarkand,Lv.7,Yazdegerd Soghdini,high,Animals,25
Samarkand,Lv.7,Yazdegerd Soghdini,high,Silk,45
Samarkand,Lv.7,Yazdegerd Soghdini,high,Weapons,100
Samarkand,Lv.7,Yazdegerd Soghdini,high,Metalcraft,100
Samarkand,Lv.7,Yazdegerd Soghdini,high,Spices,250
Samarkand,Lv.7,Yazdegerd Soghdini,high,Ceramics,75
Samarkand,Lv.7,Yazdegerd Soghdini,high,Books,25
Samarkand,Lv.7,Yazdegerd Soghdini,high,Glass,150
Samarkand,Lv.7,Yazdegerd Soghdini,high,Tea,50
Samarkand,Lv.7,Yazdegerd Soghdini,high,Jade,15
Samarkand,Lv.6,Kavad Parinavī,high,Silk,45
Samarkand,Lv.6,Kavad Parinavī,high,Weapons,100
Samarkand,Lv.6,Kavad Parinavī,high,Metalcraft,100
Samarkand,Lv.6,Kavad Parinavī,high,Spices,250
Samarkand,Lv.6,Kavad Parinavī,high,Ceramics,75
Samarkand,Lv.6,Kavad Parinavī,high,Books,25
Samarkand,Lv.6,Kavad Parinavī,high,Glass,150
Samarkand,Lv.6,Kavad Parinavī,high,Tea,50
Samarkand,Lv.6,Kavad Parinavī,high,Jade,15
Samarkand,Lv.5,Narseh Kardanī,high,Weapons,100
Samarkand,Lv.5,Narseh Kardanī,high,Metalcraft,100
Samarkand,Lv.5,Narseh Kardanī,high,Spices,250
Samarkand,Lv.5,Narseh Kardanī,high,Ceramics,75
Samarkand,Lv.5,Narseh Kardanī,high,Books,25
Samarkand,Lv.5,Narseh Kardanī,high,Glass,150
Samarkand,Lv.5,Narseh Kardanī,high,Tea,50
Samarkand,Lv.5,Narseh Kardanī,high,Jade,15
Samarkand,Lv.4,Bahrām Ispahani,high,Metalcraft,100
Samarkand,Lv.4,Bahrām Ispahani,high,Spices,250
Samarkand,Lv.4,Bahrām Ispahani,high,Ceramics,75
Samarkand,Lv.4,Bahrām Ispahani,high,Books,25
Samarkand,Lv.4,Bahrām Ispahani,high,Glass,150
Samarkand,Lv.4,Bahrām Ispahani,high,Tea,50
Samarkand,Lv.4,Bahrām Ispahani,high,Jade,15
Samarkand,Lv.3,Afshin Nakashbānī,high,Spices,250
Samarkand,Lv.3,Afshin Nakashbānī,high,Ceramics,75
Samarkand,Lv.3,Afshin Nakashbānī,high,Books,25
Samarkand,Lv.3,Afshin Nakashbānī,high,Glass,150
Samarkand,Lv.3,Afshin Nakashbānī,high,Tea,50
Samarkand,Lv.3,Afshin Nakashbānī,high,Jade,15
Samarkand,Lv.2,Peroz Abdinī,high,Ceramics,75
Samarkand,Lv.2,Peroz Abdinī,high,Books,25
Samarkand,Lv.2,Peroz Abdinī,high,Glass,150
Samarkand,Lv.2,Peroz Abdinī,high,Tea,50
Samarkand,Lv.2,Peroz Abdinī,high,Jade,15
Samarkand,Lv.7,Yazdegerd Soghdini,mid,Animals,37
Samarkand,Lv.7,Yazdegerd Soghdini,mid,Silk,67
Samarkand,Lv.7,Yazdegerd Soghdini,mid,Weapons,150
Samarkand,Lv.7,Yazdegerd Soghdini,mid,Metalcraft,150
Samarkand,Lv.7,Yazdegerd Soghdini,mid,Spices,375
Samarkand,Lv.7,Yazdegerd Soghdini,mid,Ceramics,112
Samarkand,Lv.7,Yazdegerd Soghdini,mid,Books,37
Samarkand,Lv.7,Yazdegerd Soghdini,mid,Glass,225
Samarkand,Lv.7,Yazdegerd Soghdini,mid,Tea,75
Samarkand,Lv.7,Yazdegerd Soghdini,mid,Jade,22
Samarkand,Lv.6,Kavad Parinavī,mid,Silk,67
Samarkand,Lv.6,Kavad Parinavī,mid,Weapons,150
Samarkand,Lv.6,Kavad Parinavī,mid,Metalcraft,150
Samarkand,Lv.6,Kavad Parinavī,mid,Spices,375
Samarkand,Lv.6,Kavad Parinavī,mid,Ceramics,112
Samarkand,Lv.6,Kavad Parinavī,mid,Books,37
Samarkand,Lv.6,Kavad Parinavī,mid,Glass,225
Samarkand,Lv.6,Kavad Parinavī,mid,Tea,75
Samarkand,Lv.6,Kavad Parinavī,mid,Jade,22
Samarkand,Lv.5,Narseh Kardanī,mid,Weapons,150
Samarkand,Lv.5,Narseh Kardanī,mid,Metalcraft,150
Samarkand,Lv.5,Narseh Kardanī,mid,Spices,375
Samarkand,Lv.5,Narseh Kardanī,mid,Ceramics,112
Samarkand,Lv.5,Narseh Kardanī,mid,Books,37
Samarkand,Lv.5,Narseh Kardanī,mid,Glass,225
Samarkand,Lv.5,Narseh Kardanī,mid,Tea,75
Samarkand,Lv.5,Narseh Kardanī,mid,Jade,22
Samarkand,Lv.4,Bahrām Ispahani,mid,Metalcraft,150
Samarkand,Lv.4,Bahrām Ispahani,mid,Spices,375
Samarkand,Lv.4,Bahrām Ispahani,mid,Ceramics,112
Samarkand,Lv.4,Bahrām Ispahani,mid,Books,37
Samarkand,Lv.4,Bahrām Ispahani,mid,Glass,225
Samarkand,Lv.4,Bahrām Ispahani,mid,Tea,75
Samarkand,Lv.4,Bahrām Ispahani,mid,Jade,22
Samarkand,Lv.3,Afshin Nakashbānī,mid,Spices,375
Samarkand,Lv.3,Afshin Nakashbānī,mid,Ceramics,112
Samarkand,Lv.3,Afshin Nakashbānī,mid,Books,37
Samarkand,Lv.3,Afshin Nakashbānī,mid,Glass,225
Samarkand,Lv.3,Afshin Nakashbānī,mid,Tea,75
Samarkand,Lv.3,Afshin Nakashbānī,mid,Jade,22
Samarkand,Lv.2,Peroz Abdinī,mid,Ceramics,112
Samarkand,Lv.2,Peroz Abdinī,mid,Books,37
Samarkand,Lv.2,Peroz Abdinī,mid,Glass,225
Samarkand,Lv.2,Peroz Abdinī,mid,Tea,75
Samarkand,Lv.2,Peroz Abdinī,mid,Jade,22
Samarkand,Lv.7,Yazdegerd Soghdini,low,Animals,50
Samarkand,Lv.7,Yazdegerd Soghdini,low,Silk,90
Samarkand,Lv.7,Yazdegerd Soghdini,low,Weapons,200
Samarkand,Lv.7,Yazdegerd Soghdini,low,Metalcraft,200
Samarkand,Lv.7,Yazdegerd Soghdini,low,Spices,500
Samarkand,Lv.7,Yazdegerd Soghdini,low,Ceramics,150
Samarkand,Lv.7,Yazdegerd Soghdini,low,Books,50
Samarkand,Lv.7,Yazdegerd Soghdini,low,Glass,300
Samarkand,Lv.7,Yazdegerd Soghdini,low,Tea,100
Samarkand,Lv.7,Yazdegerd Soghdini,low,Jade,30
Samarkand,Lv.6,Kavad Parinavī,low,Silk,90
Samarkand,Lv.6,Kavad Parinavī,low,Weapons,200
Samarkand,Lv.6,Kavad Parinavī,low,Metalcraft,200
Samarkand,Lv.6,Kavad Parinavī,low,Spices,500
Samarkand,Lv.6,Kavad Parinavī,low,Ceramics,150
Samarkand,Lv.6,Kavad Parinavī,low,Books,50
Samarkand,Lv.6,Kavad Parinavī,low,Glass,300
Samarkand,Lv.6,Kavad Parinavī,low,Tea,100
Samarkand,Lv.6,Kavad Parinavī,low,Jade,30
Samarkand,Lv.5,Narseh Kardanī,low,Weapons,200
Samarkand,Lv.5,Narseh Kardanī,low,Metalcraft,200
Samarkand,Lv.5,Narseh Kardanī,low,Spices,500
Samarkand,Lv.5,Narseh Kardanī,low,Ceramics,150
Samarkand,Lv.5,Narseh Kardanī,low,Books,50
Samarkand,Lv.5,Narseh Kardanī,low,Glass,300
Samarkand,Lv.5,Narseh Kardanī,low,Tea,100
Samarkand,Lv.5,Narseh Kardanī,low,Jade,30
Samarkand,Lv.4,Bahrām Ispahani,low,Metalcraft,200
Samarkand,Lv.4,Bahrām Ispahani,low,Spices,500
Samarkand,Lv.4,Bahrām Ispahani,low,Ceramics,150
Samarkand,Lv.4,Bahrām Ispahani,low,Books,50
Samarkand,Lv.4,Bahrām Ispahani,low,Glass,300
Samarkand,Lv.4,Bahrām Ispahani,low,Tea,100
Samarkand,Lv.4,Bahrām Ispahani,low,Jade,30
Samarkand,Lv.3,Afshin Nakashbānī,low,Spices,500
Samarkand,Lv.3,Afshin Nakashbānī,low,Ceramics,150
Samarkand,Lv.3,Afshin Nakashbānī,low,Books,50
Samarkand,Lv.3,Afshin Nakashbānī,low,Glass,300
Samarkand,Lv.3,Afshin Nakashbānī,low,Tea,100
Samarkand,Lv.3,Afshin Nakashbānī,low,Jade,30
Samarkand,Lv.2,Peroz Abdinī,low,Ceramics,150
Samarkand,Lv.2,Peroz Abdinī,low,Books,50
Samarkand,Lv.2,Peroz Abdinī,low,Glass,300
Samarkand,Lv.2,Peroz Abdinī,low,Tea,100
Samarkand,Lv.2,Peroz Abdinī,low,Jade,30
